stem,split,date,site,sha256,pixel_sha256,block,annotators,group,fold,role
20110109104734Ch,train,2011-01-09 10:47:34,Ch,5bd765f094968d48feb2a8f4db6ec9708086ee2c8dfbc60acb86ba96e7e385e7,5014b6ebb7cc1a8137f977901c83c895c6b7ad17bf87151f4da3d648011cad13,13,1,13,2,train
20110114105034Ch,train,2011-01-14 10:50:34,Ch,a0b3172e4aace9bf552a52f65d730d84c188016514d7aff84447620632e4fcd3,4117f83a7827883b710da60fe61e83bb426c1e12e8d16a5222d24de43eaf2599,14,2,14,4,train
20110119082634Lh,train,2011-01-19 08:26:34,Lh,c904b28b0441435239652305e58c41c5124f2f4672581b97bfc187a0b64371df,dc8e573c1def176566fbc8054c8678ce3bef3ce87e9ff40d4988c09a731ba706,14,1,14,4,train
20110123174914Mh,train,2011-01-23 17:49:14,Mh,d1501da8d5d9ea0489299d1c82e1380c73d01ba4aedde6b8c61a174f91978c3d,672a591c8df27e6d5f7c5b44829700805c4b024be8fd0259dfdad6b9c0c64553,14,1,14,4,train
20110128174814Mh,train,2011-01-28 17:48:14,Mh,02f5d0385d1e19b95f49de90ec4c543ee0e09cb1d719e8825ab4be7ffd7fa8c0,adb7e0c0ba96f00dfc95b22ffca54940b6b37da839cf210a1c9a1c65fba0c08e,14,3,14,4,train
20110203082634Lh,train,2011-02-03 08:26:34,Lh,8c9d80587cf3927d5aef8f37d93f3fb737cf53602d269474dc4705b64069a28e,3d1f6155c6150d2ca7063306ba07bcf2a4cf6d5af5d727010e9dbfa39e933acb,14,3,14,4,train
20110205082634Lh,train,2011-02-05 08:26:34,Lh,11867b0df75926afb4f37332d83486617b46fe86dd0fb9f9b5058546cb0b078a,5a4c4a2488df51e46090c394d00b24db89fc5df596333587692502a770a39d95,14,2,14,4,train
20110211084114Th,train,2011-02-11 08:41:14,Th,25b6c0227cc689a64dd527ba75aca2832072b71a640a5a446de3008e20724cac,c02e0e0d37ade9eca0e209fc13bf818b7dc55cd675b5b5ac2e7279bf92cfe626,15,1,15,4,train
20110213093414Th,train,2011-02-13 09:34:14,Th,d57781de8b5170d5f0a82e16769cbfbe3fe6d4d4bd3587cb8cad1ec18e9deb8c,6258cb2aea590c8e16d5bdc70422c6783bb1dc1bcb1be67f30e6650eaa3462bd,15,2,15,4,train
20110215083814Th,train,2011-02-15 08:38:14,Th,bf957a2758ce68e1316e316447c6d614798f24e3b7b02312eeb471cfafb241c7,7a4a8a1c05029508813d25eb73897e7bb4a2dc777acb770263761a1fdd6f75ee,15,3,15,4,train
20110220082634Lh,train,2011-02-20 08:26:34,Lh,c6adddc7bed3f7f4aff542e62e1c2307871cf047a119b3e5fcce4c66c57fab4f,f4f9073b56d1b9d99282da9b39a29a141b726bddd9cc0bf8ca425c9d97484bb9,15,2,15,4,train
20110221173814Mh,train,2011-02-21 17:38:14,Mh,19f3b13d3bb552c034d41228a438843223402b1b4947014c22840849d6ebcb17,3594ad5922db2002336f814a0ce5eabe092a3b4733370b6b5a6473912f9756cd,15,1,15,4,train
20110301082654Uh,train,2011-03-01 08:26:54,Uh,e0c2878b8ebd610b0a427982719ac512b42af76af22a8c497ec6a94e13335a2d,128d487db4e72d525d5ac0641d7a87263835c81eaefa05a50a7c85a1a3ed9f04,15,3,15,4,train
20110306082634Lh,train,2011-03-06 08:26:34,Lh,e80d0233c9012f84790d88fbe98564ff0f103ebcd7400b76529a15639d290f1b,ca28537d86275c33db390b58adde598c613986a81e2761c815b799b77364ee32,15,3,15,4,train
20110312082634Lh,train,2011-03-12 08:26:34,Lh,7745d1108cfc757ac01b80c702c57ef038d2e39446460a5f159afd683a60c568,1d9f5066bbfd3a6bbb23a253068faaa0139145724cf9340e01fc77bd06e6b8f8,16,1,16,3,train
20110313082654Uh,train,2011-03-13 08:26:54,Uh,e42437caa812dd99465e74fc66c1af273a5cbc2d7db566769902588d21a56c57,1fe96143f18512444317fcbe28d1d7654026b6fe009fca9131dd834e0228e3a3,16,1,16,3,train
20110317082654Uh,train,2011-03-17 08:26:54,Uh,2974a885a6a6634c5743639e1a999175d1becec72933fc59499b048428bba158,58ac61f40a17be993adbf1372f93aa6a4d330e45060e23048c38fad0279b8862,16,1,16,3,train
20110322005814Mh,train,2011-03-22 00:58:14,Mh,427ed65898a7a666fe8f307ffeba63bb53a73d5146b3cc1d965db17d36911f83,f3c352bc0c871ae45fc2df93965eb122f8ef4c1b22ce45940ac3a6b685bbf3e5,16,3,16,3,train
20110324082614Th,train,2011-03-24 08:26:14,Th,7362f39c2f2dfd753c3fdba7b4406ac6022a8239408163c24aecd2fb54b2be30,9c06981adcd06186413803c26f05f46259e74891a09c7bd88ec8528ad810af60,16,2,16,3,train
20110325171014Mh,train,2011-03-25 17:10:14,Mh,fd67a7a7d01a7bff049cb686f586f5886e9fd4f7fe8aabcb688ff16c0968b254,948d26f8f44d22e887759b862f67d51733e27e2988fda0e3634c95a1e70d6d50,16,1,16,3,train
20110326170914Mh,train,2011-03-26 17:09:14,Mh,1623d80fdd2486a3c051675f2f7f0b918812861da5366e1e0a182808803a6df6,636e322b059710b7c11c63b7fa7a4e71ee22ef1f7d8cdf625aab630e7621aabd,16,1,16,3,train
20110327143554Bh,train,2011-03-27 14:35:54,Bh,8f0c0d0dfdcc051afb3a35a2be2531eac6015cdc69baa5bee064ab85620d9a70,a9f272ceefbd1387045b11eb469e1b7359c57d87486b2cb70163b71e1d720899,16,2,16,3,train
20110406082634Lh,train,2011-04-06 08:26:34,Lh,ee4b0047dbb46c7232828dbe3c89a35824ddc29561313a367b80a81f1c8c6a66,b327e3323dab5fbed2e6560ab4ba33793c5073097903dbff1789831824320ab7,17,1,17,0,train
20110410141654Bh,train,2011-04-10 14:16:54,Bh,89390d47e0efc4fa469e19a776f44ec041f2825ae768746bf2fece478a5975d4,49493c238bb2e1c9426fe5f01aac138d08d0e81d31b6d30bdf76a0408eeb0fa0,17,3,17,0,train
20110421164914Mh,train,2011-04-21 16:49:14,Mh,7a9e28e47c892b1fd3ea060481871f8bf266868bf269ec5e32e6230b74914214,e474cee42033606fba9ea4843f53d0bbf71c706b98ca5ade37dda70e9269fef5,17,1,17,0,train
20110425063154Uh,train,2011-04-25 06:31:54,Uh,fcc9fa08e55b16f5bdbea9383cc1b4fb431060a9085c92c1abb6b481daaf2032,9663f49a5cd06d3371e0ae5175d66fddee09ce4a03b3e865344aeeb02bb315a3,17,1,17,0,train
20110429135554Bh,train,2011-04-29 13:55:54,Bh,4e84c1e9b5de7b2def08908ec7322d8fed83f919bb1cc11d672cea02631fe9e8,4ea415ae97177613c9c1947ec662d8b2e5dbbe21fdba58fb54083e796fa86aaf,17,3,17,0,train
20110502063154Uh,train,2011-05-02 06:31:54,Uh,842370bb689d0c75ae533c73eb3386beed573f40dfba76047dc9077a08cac8c0,d4019cf22bfa7f96ec41d5acf6ba29cf5f5cc9c7985c4fd7e04842aba5340ac2,18,3,18,1,train
20110509121334Ch,train,2011-05-09 12:13:34,Ch,0f7cc732de85ff6e7a0d107cb5ad464b1cecb90f5f08b7bf0eef9d55fa7cf766,adaf53cd18985540b264bb8d0697f34057ee1321b719f0c80081d3da8e4b881e,18,1,18,1,train
20110510063134Lh,train,2011-05-10 06:31:34,Lh,35b6e9941e030c2129ef8cb3e08156c96cb3f352532574c5fa1be89dc5254d4a,dbff03f8b27b0797b7ada59bef168ec04c59997a80e0243e995fdc99045a1740,18,2,18,1,train
20110511063154Uh,train,2011-05-11 06:31:54,Uh,901f367fef81d5aa2cc833076e2dc222bcdfc6c8f49e3e8fbd913c66ae44a346,0b3c2ade27cf5128c2bd6e2f4df39ad2052230df0bac4d1317bc30efc5170bc0,18,1,18,1,train
20110517164514Mh,train,2011-05-17 16:45:14,Mh,c6b18ec258884e1ef01f73c003d8645f4be42f3edeff030ed97ccea06897762a,8dcab4b542e5fad260ab33eafe905875709cf77c010dde515e5d685b8c842238,18,3,18,1,train
20110520063154Uh,train,2011-05-20 06:31:54,Uh,93ae095d5cdfb1ca5512aad5298d6061699e9ac2c7826b056f626a0a1b3c3da0,3f6464b3e5fc5e150a91e6c7fc274713e80b019cc34dca25004e4d44912e4429,18,1,18,1,train
20110521063134Lh,train,2011-05-21 06:31:34,Lh,7dd8176f30f47e669a2d29780f78dd3acd3bdbfaeceb92f0f99e88d693b9e1a3,6e72cfaa6ec3e8cae90be49418a0edd9d015f9c842c8121ccde436c46c16f9e2,18,1,18,1,train
20110523063154Uh,train,2011-05-23 06:31:54,Uh,2062edf3ff237720690c1a5d7fc3c16256e60b5c8388751c3aaad93f428d7440,abe10336956268a547168edb66e49f3ac5dc6b9ec38d97b6d2f97184d4e2c25e,18,1,18,1,train
20110525063154Uh,train,2011-05-25 06:31:54,Uh,fb9f95f4770f626c06972176834057815a6e302f45fe22d2bdc2dbd41021b96a,f01ac254ed505afd9838004a24cc0928db91655d421cebd27bdc83223a3dbef2,18,1,18,1,train
20110526122534Ch,train,2011-05-26 12:25:34,Ch,e3fcfaf5de11a1b6ca5c51f2726d6f0d9c462684b1248f8a536a8a7d9b4d095c,e480cad7440fb2aa7183f830351ea829b6aaa8b3ca1242bbe97666a1cb65b831,18,1,18,1,train
20110530122834Ch,train,2011-05-30 12:28:34,Ch,9e097161571e7d9de08353b7d22eff064625ed49c5253a03b2b1c40a0df1c378,d0bd5a8543efba624cf014994b6fca30cdde11f935df8e0dda04b2ad5d9bb9c4,19,1,19,0,train
20110601063134Lh,train,2011-06-01 06:31:34,Lh,933554bbe23628b0ef4d2a03532915b59c5271506fe60d7dcc6a5b7ec28c1d74,a6801177e010e1f1f6d36670f26a9aa3aeb8ac63ae6db09855de8a6c87ac2740,19,1,19,0,train
20110603163414Mh,train,2011-06-03 16:34:14,Mh,b5ccd3495de6de1fcad1482b645d0c84282334d1fe6b71dd252630ae3e06d4f8,c8ce5147e9f9c1067e3df2def192079fd8985398aa94cec14bf602e8905a5446,19,1,19,0,train
20110615133454Bh,train,2011-06-15 13:34:54,Bh,e459989ec20fb462674e1bb971c773a4082b222584e4019d1303bc6bb0805a24,74ba458b1c2a39b2d186fbfa0681a70e914dc844399c053851be35dc7d7df051,19,1,19,0,train
20110616133454Bh,train,2011-06-16 13:34:54,Bh,bb00546823c217a1a0b2db8747d56a1d7414b5e313f91539a038dbc2e7c3f5bc,839b3ebbb50deba296203d0b887ff25792ece635fccf83c38b63b062501c1c5d,19,2,19,0,train
20110617063134Lh,train,2011-06-17 06:31:34,Lh,0699c9dd2a6514be934714bd498e9e05c0d517715d7c4b661c1e1d0ceead2b41,c4f7e27103f3cdef0c54b35aa3e846229a62f6efbd7b6d77307d2522445c2a18,19,1,19,0,train
20110619063134Lh,train,2011-06-19 06:31:34,Lh,589bda103640e69819c0c15808f144fa11672d7fd9875bd295f49b007ea8c710,d4ab31c156158a3c088ddd7bfa113f2b83c96bdf07ab5003635b4e54a893072c,19,1,19,0,train
20110621063134Lh,train,2011-06-21 06:31:34,Lh,154acd80004e2461743e199e5303b37c028734eb08a50548e36d052a4193c9bb,13cb196a79ac8dd22587ee287a244e8111a481a52c7a0741c0f398a57d12c192,19,1,19,0,train
20110623063134Lh,train,2011-06-23 06:31:34,Lh,29207f52c136bfcc1bc177f047a46a100b6955e971badda2705a26260990382f,7e73a9f15e0bbab7a0b6b4476ba38a018cbaaaae84c7ce5ce87062c46aa5e32f,19,1,19,0,train
20110625163814Mh,train,2011-06-25 16:38:14,Mh,224720f1d993c7013465ec213b3044ccb7a20b2de1c903293aed0877a5ed371c,660b861da92a4ed40d749524c7b032cfcb6993bece000cade6b0b71841ee2e33,20,1,20,4,train
20110707074514Th,train,2011-07-07 07:45:14,Th,9302d89005fc2a4996fd6ded0c9970d4faa1ace3d13210cacc9e01c730927de2,fb74f0f0115447e31c61fbccdd499f9021fb98bd5002e05c800046862d108b97,20,2,20,4,train
20110711071214Th,train,2011-07-11 07:12:14,Th,b37f43e93039a9c94b38b2139f8f4df498b3c4421ec51ef99b7b081e79848cf1,c650cfdf3a9c7e637ab28c263aa2fe04f3ad3952d3c5bef5b7e6aa69c78bc488,20,2,20,4,train
20110724164614Mh,train,2011-07-24 16:46:14,Mh,1573274870a1a4496b32f3866bc33880d8f5ab9b7195f91a884c20ed6681b3f2,69aa0bab035848a870116ea80bb2182e0da61936860efb46eaaf43ebecfb4498,21,1,21,1,train
20110727063234Lh,train,2011-07-27 06:32:34,Lh,8cc32111be0e4f18539af6885b9db60c213f92a640a5bc3bc581d79cb849157a,8d4611efd32be9855b38a41f72b246792838a8aeafe5b909e497d5d12e62df9d,21,3,21,1,train
20110728084714Th,train,2011-07-28 08:47:14,Th,0dfcf889ae3d49ae09aacb1aabd159923dd6f433622f119ae4bae461220296da,71e63e3e6ef36c169c25664eb1befb4cd2b7bcb567604a8ab11e51635d0ef786,21,1,21,1,train
20110803164914Mh,train,2011-08-03 16:49:14,Mh,cedefca8599d2ca9aa62531ef15ea3feda9703eef8a3013e248bfbcd6c62885f,c8e161a7a6af21fba0dced48c0a09a2cb2c1f42654a2a9cdbb7bcc6d652b95d9,21,3,21,1,train
20110810063134Lh,train,2011-08-10 06:31:34,Lh,21d9a4668e97096be2b1c48cafcc59cd358d20914002b1f4d80a5c23aaab73ea,6222c0bcddcc3715588771ccce5f07e5a8c16c7f3c0925f1ddd58da4ff91c7cb,21,1,21,1,train
20110815140454Bh,train,2011-08-15 14:04:54,Bh,489ce94283ccec4e98f724e7d3a4fd5427d5c7f7adee36ef4cd9b4c828bf756c,5672c2441e18f654b4ea9ce512874c9b697011b17312396f96c6ae25acaca293,21,2,21,1,train
20110823120334Ch,train,2011-08-23 12:03:34,Ch,3f6f00d8e594a876d4d0e9bae16a5cfbb6798cc284bc2115594eb6030bae2ff7,1111d94421da8655190d0e7d1387793a994cafc5b4566144a498fa4163bf7317,22,3,22,3,train
20110824141054Bh,train,2011-08-24 14:10:54,Bh,70217c43c332351e089a0fff39c95b2a22a29e317d1cd24d87fd64dd94d47b13,467877f18dcaff672ca25d61fe5858d6ed6d4fbd800a66f883bd7ce610ebc58c,22,1,22,3,train
20110826074214Th,train,2011-08-26 07:42:14,Th,20f785f06ee8e09d7e0053e1236d3aa33723ca628b6c3527727e20ced5af5093,1f6170ca888632abd25cbe144bdff2e906e477ff57910078487230833f8f96ae,22,3,22,3,train
20110902073614Th,train,2011-09-02 07:36:14,Th,fc9561477a586513a28c50952f3a249dcf8c7349d9cff7bedaca5ad6a30824c7,128ac65d56d549f7f966561f688517ab6273eb65425ee701fa729d0b1cf4fce3,22,1,22,3,train
20110914063134Lh,train,2011-09-14 06:31:34,Lh,3aea7e1be3f57052c65231af7ae6512d65f37a4a95a8e3f3c687ffb18925d8b3,99ac073799b5d27d1b7881c21be9c49605fab0fb564913e1fd712ea70db625bd,23,3,23,0,train
20110918112834Ch,train,2011-09-18 11:28:34,Ch,d0049a52bc5a37ba304cae3bcd22e959cf4b4da3ffc2db1bb01215abb86e87a0,7d73d15f6de92248376130ca9bf36f28b9bf09f03618486a2178458e2bf36e49,23,2,23,0,train
20110923112234Ch,train,2011-09-23 11:22:34,Ch,a72f2e125b663544af089be6a5d30eaeb35a21da08e7990fc724145341498ba9,e61a207fc8ecfc18682c341656cca901cafed0aecb7719e9b6365e7f14e39196,23,1,23,0,train
20110923165814Mh,train,2011-09-23 16:58:14,Mh,40765929c7a3a53fd27c74b66f69d22b474b1f3dda2c5f00d043494189632cd1,a9184a46ca619f9abedbeb98d505974c3359c30179c0cd59c4caa27255bb49ab,23,3,23,0,train
20111009110234Ch,train,2011-10-09 11:02:34,Ch,3f8bd0fd0f21265db6403ef29269a16491745c07549f7e3d6b78ae9351496d83,db54f5521edd34fbae54711ae273c8834e31e6dca30b5a9f49a1510b1632769b,23,3,23,0,train
20111011112054Uh,train,2011-10-11 11:20:54,Uh,bd71dccd4124e8083d0a93efef71e8522c9a6163ff6cd37dd62a1ea6f458ef5c,76e19c5ae5eee235367d8f17b8469db7e7da2737234fea44f8fed7c130de40fc,24,1,24,2,train
20111018063134Lh,train,2011-10-18 06:31:34,Lh,440b5e892cb2e6fefe230187093c01e21ab60a6cd547b6d0111082d61cb4a07e,4f67619bcdd5ac803decba2360e4fd205e279c213fbf7d49abf1131cffc08a61,24,2,24,2,train
20111019063154Uh,train,2011-10-19 06:31:54,Uh,8ce704a74f1969a0360444281ad6ca69e39fb029776a5aa72f5afd03eb11a5b6,80ea890d091af49fc787b10d9a1ab5abf6e862ba0e799dc22b570af18eacce84,24,1,24,2,train
20111025080614Th,train,2011-10-25 08:06:14,Th,2a4fba02117ad72f4c8cc391b3c8bc6d5339b89f1d2400fb5f0531a3225455e3,6908ad12adb729c6b383f5a23634a7f512addb4cd139cc1c78c4c4d3650a1ed8,24,1,24,2,train
20111027145954Bh,train,2011-10-27 14:59:54,Bh,aec9fdf00ea7dd4eee8c9b57edeb7845c80bceffe70cf0fe1210e76e77b794a8,c5928fa0c624baf4bef098cf5df09062be81cfd4c495f7c9918a3aaf76f2d074,24,3,24,2,train
20111029063154Uh,train,2011-10-29 06:31:54,Uh,b3cd9f8cb6ded31ec656efe075192f86cf6aa4d67f97aacaf79b47a4ca223ab9,d7521e9105aa0d8a33750a7b8467e2dda3169b0c66b562725959cb53e52a853c,24,2,24,2,train
20111107063154Uh,train,2011-11-07 06:31:54,Uh,c1c38d6d02b660bf19e8690cfdceb0da252cb55cc10a7f9b0e092977da3b5b55,111e31cc3d91b8066a8f3d1ca4fa87b1071b1cee0932077bc8e3ed6301751caa,25,1,25,2,train
20111112193254Bh,train,2011-11-12 19:32:54,Bh,8698fa8c9335c89459543712ece5f53c710158af4076d9b69998028922aa90c7,01565201bc27f307207fda5b89887db24f99c846c5e17e0839b8ed8567c76ffe,25,2,25,2,train
20111114082314Th,train,2011-11-14 08:23:14,Th,fa9a39050e2ce630a470bd31b57fa0fd309ae3dff675cf49f3a34f7008936920,40144473ffbc13daa3a60e817130bcc106751d0cb156040d85dc7b71024c6080,25,3,25,2,train
20111115063134Lh,train,2011-11-15 06:31:34,Lh,95af6d1adefbccf21d28ac5f25bcc9be7d4cbdcc5f47c28df9d280b1f80d7a60,bb9c1f9e8f095d615855fe718af43c230c657ef6757800405ae9270a3dcbfab4,25,1,25,2,train
20111116063134Lh,train,2011-11-16 06:31:34,Lh,f4de29ac4120b1ad03ece1ef465a6a48599ef8a06ef91b9b8f7c8e9facf5a949,d4181f17c34310041ff1547d03c1869436efd0d7b90c2ddee92e8e5ff9e939cf,25,3,25,2,train
20111201063154Uh,train,2011-12-01 06:31:54,Uh,08d5285ce2b39d3e6486d9f1dba7795fe15a73cb651fa5a0d3a30260c48ee328,400728a934bb1199a8046e043d2995a8f0b6f8e66d48da73aa00fde199daa796,25,1,25,2,train
20111206102934Ch,train,2011-12-06 10:29:34,Ch,707e664a39dad65c0b2f1e2ffb7e668c7efb6f00679481492cde984884eee8c5,6e8965732267fa3249af658f9fc6369e7c11dcd3d4c1c6fde8d6ece13f5a9bed,26,1,26,1,train
20111208063134Lh,train,2011-12-08 06:31:34,Lh,eb14a08da50825adde4ccd7d05d9afcb81184199316ce149a6c91c8978dfef6f,c9c9e5bd30afd2de63a5f521b6c537ef7687b9e15da2d328634c161eb8a47866,26,1,26,1,train
20111214063134Lh,train,2011-12-14 06:31:34,Lh,e35a3aec6d094e1e8d2b90b63c03a4c39451b0b3338db3828b4092e2a25855da,d58010f26636bb79aa0abca98dcadb859e7e00ea8d3a76b0c18010fe5cbb559c,26,1,26,1,train
20111214132434Ch,train,2011-12-14 13:24:34,Ch,4fb5fbbb3dac95591c2f6baa5a28a177cf0a5df1b525247a504ae88d83e1ce6b,647d84dfe811c52323d83310812a13107336f059f2c8a09609c66f3f38f6b34a,26,2,26,1,train
20111215063134Lh,train,2011-12-15 06:31:34,Lh,6dcdb81f166356c13b9e2326958c0dd30b96ad42731221568de21710b2c25e0f,77a0af774ef70149073e0b626586966489d03b21b2f93ee3ff857c4fb25733e4,26,3,26,1,train
20111218085014Th,train,2011-12-18 08:50:14,Th,7f7fd7a6343cc7fd842398475a6cb135d0d18b33c0c5478f95b0b1d51e801193,d20b370168e97254315fdcc645070042057ea34445292ac13c8d9e1bdbd9aef7,26,3,26,1,train
20111222063154Uh,train,2011-12-22 06:31:54,Uh,f1492a8eb07d680b5aa247d0423e2c38f67cd6f3cd2eef2b5afd7af8260220bb,2e0284fa120d94d9432577b09196a95726f447bfdfd511a5f87c9a3fe13de86f,26,3,26,1,train
20111223085314Th,train,2011-12-23 08:53:14,Th,00ab5a86f5aeae500d2a67e41c8b8a83d38f03eaf9c80688fc07620008558171,6b69143b356bd42628b5b12eda2a04b548637bf4e1abea9223e1b3b6381d8464,26,1,26,1,train
20111226155454Bh,train,2011-12-26 15:54:54,Bh,9b8a08a13e9e974bf76bccd1a77e9222dc82688beb4337b5adc9f2802db4f5db,89d9912b9d4d31583b50437c51d2b079ca456945389917a7c5f9f83c1999050a,26,1,26,1,train
20111229063154Uh,train,2011-12-29 06:31:54,Uh,c1b07e97934c9c2d136d6f4793a0d1264a2ea5b977b1bc9ece332438acad1d72,e5121a6b5cd24ff4df0be395cfb8421ce5cfce90e42ee8506915b6cac9e2a666,26,3,26,1,train
20120103104134Ch,train,2012-01-03 10:41:34,Ch,606cce2e95c2a66be1a198064bc3af8a8a677536a97344a5bb180d9ec8ebc9cc,450e40cd83ace915c571fe1ee27e52d214c0e012e0f8ce2ac1565b4e26c4fd7e,27,1,27,2,train
20120104063134Lh,train,2012-01-04 06:31:34,Lh,fe8a2eeadd219780c6d523e039c00257d83327e90443ea21c82b92a042f45765,bdbce033142234435bb594f991e1311bb5c1d462c25eb7f15f3f2e2bfcbf0e4a,27,2,27,2,train
20120110155754Bh,train,2012-01-10 15:57:54,Bh,205400e2ca15fe5552fe634f02162f0df6bb6007c2ac1ba2303a6e3cbe2e0013,6fa6aceafea69154149352af3ea8f8439d3b8ccb08bae07836f114750ec9ddb5,27,3,27,2,train
20120113104834Ch,train,2012-01-13 10:48:34,Ch,063ed818ec4f79a0c47cb29b7a6bae71663d03b52471f2a4fbe7ac17d62b3983,d57f1f0710ac0dbc162efc3f0d89e3b73f975d47951bd9e3a45ecfb567758aab,27,2,27,2,train
20120114063154Uh,train,2012-01-14 06:31:54,Uh,11a47c4cd7e608c9cce914fe342e732aaf2e6af3c336e890a685263afd41927d,c3acbe6a52df48bd8acc306f178d439ec641626537cb67c4ad756bfb84b073db,27,1,27,2,train
20120116063254Uh,train,2012-01-16 06:32:54,Uh,ee82aaa5d401a6bb93899a3aaae09d8d0a78456f81e8fe19fd0e97f8928bc46b,4267f21222eea30ff7e45142c576ba0ff127d2a467a5a6220e7d66c4d9bf3c4f,27,1,27,2,train
20120127085214Th,train,2012-01-27 08:52:14,Th,312b76c54f774ad6ec8ff90cc44c923bebbfb18a6817c69e836e13a960127d1f,c2fec1b2caa9904c6fb48d5859143bb046b92872152120f4bd7ecdc3e7173308,28,1,28,2,train
20120131063154Uh,train,2012-01-31 06:31:54,Uh,cd9ef1c850a0ff121b80382dbab62644860a8037ff2fbf2a38157668d3f88e00,d878527c6b510764c104638cf99d243cbfa3a4232711326c934ee2e96e8b0f4d,28,3,28,2,train
20120205172414Mh,train,2012-02-05 17:24:14,Mh,482c90278bc62af63cb3dc53983272188d6bcacaa7dd51cf09beb0746d3b4a1e,1830a7ee2142700ecacfa2bc3a6d80f05ed87b9cbe118e8e9113bde1288f0ff7,28,3,28,2,train
20120206063134Lh,train,2012-02-06 06:31:34,Lh,2ef9e3e87e7278d971eb67816cc2d4ddd55fb54b29ae3cfc5d8cf4d6f7eeb7b1,5e081947d205ac2dd2d938a9219ef3553029efbcef50d5da2d05e61059fe4b03,28,2,28,2,train
20120213063134Lh,train,2012-02-13 06:31:34,Lh,98a3ce56c666741399c32e8ce003d31a437323ddcf87019037561e3175f489b6,10bd3e7d3ebf3095ae655ceb0ce8d7786fd43bb9bb9952249a1ffbec612dcde1,28,1,28,2,train
20120215153654Bh,train,2012-02-15 15:36:54,Bh,7fd38d7889e4526c6b25ec85e95bce58f95033142db5b7a3db432c9c17db494f,890fe203f01f49218be2c10acbc01c0d7045bc487694eb7a0cefe21d6fb9c75c,28,2,28,2,train
20120217063154Uh,train,2012-02-17 06:31:54,Uh,b7e9efde1b87549efe5778fa641fd15eed971414c423310b93b1e5ac3649d1b4,b91b3c73cd089b8f35ff30d16d5e3e8c1443edf3de8b6bd7eec22ff528e8b66c,28,1,28,2,train
20120217181154Bh,train,2012-02-17 18:11:54,Bh,d32db05db80f95ade9d1eaad678007611e044386e7be96d8a523884bd433885a,0b76ce36db5214ffbbbc39883462a682ef2f0f9ba8bae4668a603d209d4444c2,28,2,28,2,train
20120218173614Mh,train,2012-02-18 17:36:14,Mh,e0c47bd5286f4795fc237ad0fb7ce7cd595ec8d3ea0c86687f536833603d9273,2bd23a52b16e28d47067cff309f91eb3aa4ef6556d3a4cc2105b0a4bf1c3270d,28,1,28,2,train
20120223063154Uh,train,2012-02-23 06:31:54,Uh,f4b7c8e17635ca4c8f342e959d810348c5954d707c96c635f77eb74f2c6838b1,2d7d6eb1d3be6322bb42cf0a098d69aabc59b39cf1baad33c54370002a436659,29,2,29,0,train
20120223152054Bh,train,2012-02-23 15:20:54,Bh,f9a24fb5222364d402b822bd76f0a4adfdee943ac0c3595885e88541f468f513,1c2a2528e12d0d8e220573146a7e234c7eef34548c830a21d654f442fd3baf85,29,1,29,0,train
20120225172914Mh,train,2012-02-25 17:29:14,Mh,ee49a1973cb355ad48b7705984ffc80bcb90b66905193647e575b2afc1c6b968,8126318d29dff1e18cefbe06f42b8f26e16b89a65346982071dd38c717a159c4,29,2,29,0,train
20120227161654Bh,train,2012-02-27 16:16:54,Bh,07516bd10b16cc8113f7a4b62c808164360bdfa836f67e06d319bf2ef73aae9f,901c452ae2b8f466d8e604f1a64d4abce53d18240f88d175a1647ec23472955b,29,1,29,0,train
20120306063154Uh,train,2012-03-06 06:31:54,Uh,b4b66ec088ad090bdaa9ee258b6325397e096057907d5d343af7463503e186ec,71fc27f91ff7b3961563968f9385ef1dd7c89e38056d20f771b9c49344fd0724,29,1,29,0,train
20120313063154Uh,train,2012-03-13 06:31:54,Uh,0feb714c9b1a2e250248222eb3c76541cc71578c4451172e465b3e2f39e93845,215c4e53453b547e45e78f7b1525fd17a92282b5b87822f55b8bb8f6cab496ba,29,1,29,0,train
20120318063154Uh,train,2012-03-18 06:31:54,Uh,d7ed2e452d5b09bb7ab01e5136d452d8d46366f17d283173829727702a357d27,6656ce2d51599fa3d49ef64b7d1f128ca1cce7faf485a0d5663926ed2a97595b,29,2,29,0,train
20120323144054Bh,train,2012-03-23 14:40:54,Bh,ecdb0de55e3c7a29312d862082c115d01fe8a53e70b29b53706b6a8854e1d35e,2822dcff3fa7a98150b4df3c5f51cf8830467281999636c189d1af4908cfb095,30,1,30,3,train
20120328164614Mh,train,2012-03-28 16:46:14,Mh,0c424054c2b79cdd696ab482539430d760228f6a89cec95ed98cd566b1d755e2,e662266bbc8612ac166fdec6bc2c93234c6e4e212522011056cc8742ffb72926,30,1,30,3,train
20120330063134Lh,train,2012-03-30 06:31:34,Lh,97c65ebe3a8ef1628d2ebbba3fac9ff2895a867bda2f61f2a204877dfc64dace,a5b7ec53b75f5a5a94dd12ff1b610e3290ad3644cc23911ddeb83f5c8db41f21,30,2,30,3,train
20120330063154Uh,train,2012-03-30 06:31:54,Uh,dcf16e00820639262025b552e2adb3855c267fc56b4e000f52b1baa5fe1a1af9,00ae3b9f4632b87f78a81ef3b8723a806ddffafa4bd1ca6293abe6ce3a536698,30,1,30,3,train
20120331142954Bh,train,2012-03-31 14:29:54,Bh,e391c90569d1ae6ea5421b25161c382fdda95b2c1655acaef101e8810bdfdd38,922a1bd031f0da25513c6b0bdea2be0660f95bf4d91be95c5a1155c8aed5c13d,30,2,30,3,train
20120403083114Th,train,2012-04-03 08:31:14,Th,664ba3ea6f6f7a2de2cc355a74eca141958683db46174be9bda81cd7972dbdf8,3c0cb877722981227576476a01bf6d90a3a42b0e78a6ae04209f7b929b7a7983,30,1,30,3,train
20120403164114Mh,train,2012-04-03 16:41:14,Mh,0a29337ea13550d356adffed8b7e58b051a2343b0cbe0b33d380b92314bee66a,d5fd99b6052eced5ad488a04e4d4fedfcb3a591aa6876763c9f76add6b275f95,30,2,30,3,train
20120404063154Uh,train,2012-04-04 06:31:54,Uh,d87f09713537cd3f102278e1f9140874ed14a86717761170f7769b91ca59223d,28fdd934b1b33a0b48eb7e5eaab7069583beeb2678c67fab6e2e4a2f02275028,30,3,30,3,train
20120414115434Ch,train,2012-04-14 11:54:34,Ch,1d3b8dc2e1bb02328f0f27420338440326b1e64768916f049d301432e3a87f1c,51b4f5651ea7cef2a9142e78b9fa7005db05b18f9342e09b8591a6d512e8176c,30,1,30,3,train
20120414175914Mh,train,2012-04-14 17:59:14,Mh,33f92796fa5100a667b1c345bfe171bcd2ec3daa117504f19c5418917360a997,85333870d0c0fd07e563ac54cf619e5df667adb93ba3fc77f7c31ae747e86012,30,1,30,3,train
20120421063154Uh,train,2012-04-21 06:31:54,Uh,7a15bbaa8074eb665c2b1ef573c62b6aeee27e9301bcdeed1bd2cebc5976062d,7023c7fffe965d4f239d84428ec8ef0510b2692965dc41a17e9cad8d765a0194,31,1,31,0,train
20120424072414Th,train,2012-04-24 07:24:14,Th,d83122e63f039cacfec25503732be3cecce5d0379bb4ddc17707e4bbb67097cb,ef646f1d53ff37fb047f3c764d3a3db222e0bd16e3a251ad84b44dcbbdc00f20,31,3,31,0,train
20120424120134Ch,train,2012-04-24 12:01:34,Ch,7c2d5eb4e4a75cb839c35ab4cd67986a1584acc2f1850e7163e9de279dff0f66,9492fa4b04a8c2cc3a15c70826aba43110c000246fbcc44d6f6b4a11c152caf1,31,1,31,0,train
20120427063154Uh,train,2012-04-27 06:31:54,Uh,e0af4e5186f8062efafd379758f74d9b9b324644597ba2d3fae17a84ca41ded5,f72dfbe4afb6f4c0b94af51e7cbca4e546886a1fe55bef50d892b22f05c9bfee,31,2,31,0,train
20120427162614Mh,train,2012-04-27 16:26:14,Mh,0a61ebcdbde16a25c5d2e6de32409a418d6e92f3b346f69488546ffaa98473b5,b951a8b4cbf3551779fdba007c2b3b4b2280cbc29c4c607fd4f31efb93baff3b,31,1,31,0,train
20120430063154Uh,train,2012-04-30 06:31:54,Uh,be41967d1e081c8f5429d7f6d951cca74df241a89cc9e8d478777b976824c5d1,9fcc059c08386ba58d2369e35470785547528b1ed44e9c823e635a76458af073,31,1,31,0,train
20120509163414Mh,train,2012-05-09 16:34:14,Mh,0af898a7e54719a7d519cf6d597909dbf6cebb08d7f383552a809a81a13468c0,11d2b2001fa52598b422184ab22ed4694eaa9e3bb22f11c7c50179abde62c6f6,31,1,31,0,train
20120519070814Th,train,2012-05-19 07:08:14,Th,8cc73b67c09434178b90c4249c039a23a7f9c95698535cf0238ba942ac18134c,e02dfde2a9b6207a9c7797244c050d0c17fe62440ada50dde1a540d4dba457ad,32,3,32,1,train
20120523163014Mh,train,2012-05-23 16:30:14,Mh,8369821d993501ce1251def147da3c071424885ab3f85c5cde62ee4ef511654f,0ab9a8e488ab3e4747bf75ed0cddf7e84a82ffad67f3e006ede26e1e027bd9cf,32,1,32,1,train
20120603123034Ch,train,2012-06-03 12:30:34,Ch,d0f7355581eb68a29bcdbfcb8d7a0649fbe5f3637db1d97c9b7f74c107057ab5,b28bb1e77d6d50c2c2327f59832fcdc4691a06ab999906314d7f5f9fcb36cdd1,32,3,32,1,train
20120610175114Mh,train,2012-06-10 17:51:14,Mh,18f84d25cae3dbba8827da710b554e8bc75ce412ea090e3912b93ad9436415cc,8dd7e220c39bd773fbba1039b234bbfab585f9310308cbfd9b263cfabe483222,33,3,33,4,train
20120627162114Mh,train,2012-06-27 16:21:14,Mh,70409bc5f26d7ab80705d7adb9ef0e4877abfc67adf673927a1810675405f709,b98fff3543965e41bbd4b410be589272173403389f867ee9b335c2fc32bb73de,33,1,33,4,train
20120703070814Th,train,2012-07-03 07:08:14,Th,38eec6624cadd497882976f7c05ba2b841842108055204a434838c8e4b854f37,f55484b051a796016f690c9a8b368313801050a6339de051a2094986503907ad,33,3,33,4,train
20120712123634Ch,train,2012-07-12 12:36:34,Ch,ca8e7412affd2e7be9a1f618bc177c8ab3bd95547662b5f5bdb08a1bbf302072,f8e461d59d5d0351b307adc0da6c9a9744ee0d7347ca86ba53d69294a32f595a,34,1,34,1,train
20120715123434Ch,train,2012-07-15 12:34:34,Ch,45097efcbf1ae20f875c7b29a4f17d2c41a339571b9396fa519566cf51ddf5e7,a01333edf46ee2710d7899235d8eb31d0ac443d7b8574d651ae57a3ebb57f0b8,34,3,34,1,train
20120720085114Th,train,2012-07-20 08:51:14,Th,a04df416c170617d6b5c8df5399e51ba18227d201029b06b90b10b3c56642ed3,598aaaf11efcb4554683f7ace8ed81872524e5fb1aa0a53c5b9990f0bcd87bbf,34,3,34,1,train
20120723095014Th,train,2012-07-23 09:50:14,Th,368360c7cd6dc18e71604a20f21f09e63930e79070f160f86e76f5e2f4ad96f1,9d300f1787156a56fbc2dcd1eeffdd6aea91fc3f5f3ac00285af70de4d023df1,34,3,34,1,train
20120725122934Ch,train,2012-07-25 12:29:34,Ch,74c1c69eb8f95abe976ab7e1fbf1596f1bda74e0701f01b2d36f436974159a2c,911593e0f98025426ad49fac6b9ca823b6810461ab62497e56b7f83a504e642b,34,1,34,1,train
20120726071914Th,train,2012-07-26 07:19:14,Th,139fda7e0242e8cce06c2a4c784f1874d916785a8857a09b1b605c59e8dea38a,9d3fc7af5ab77a0ba568cafe3256ef6a3a6c588c35d154df28cae327fa5259e0,34,1,34,1,train
20120729122634Ch,train,2012-07-29 12:26:34,Ch,63824ae0fa859265f141ec7c9ad14c0818eb14d92786678e9d64954fb9e7632b,85fdd7d3332ac95f8eef8b684ce4e070fc0da5757aee2f86134fbd3915280106,34,3,34,1,train
20120730135454Bh,train,2012-07-30 13:54:54,Bh,200a963edc610cfb0b367e26d6918d65b2b4e2a0a6188462eab78671ef13ea46,e54ac25d68391a2c8c3e760067344f1d1146b6d0440267e0c6fc70ce99a9d85b,34,1,34,1,train
20120802090314Th,train,2012-08-02 09:03:14,Th,fbd02dd95669e1f75a44df060c446eb46c1c4b9b5c72b66a8324db31fb82e91b,07881d563a5df6f9e50c066db17e03da10f15886863b2e552965bf778ded1c94,34,3,34,1,train
20120803102114Th,train,2012-08-03 10:21:14,Th,450b070e0b4fcb60ae2ece910de4c3deeda6900050b94646f6351ecab10c3f2f,a6f6b7a87b9dc0745066b47425eeddb59f9eae65a5148f161bce2016ae916cec,35,2,35,2,train
20120803164614Mh,train,2012-08-03 16:46:14,Mh,d8c726e80b3dab1f05c70abe208996a85b2a5ce5e52bd810fb5d8849b76e0e4a,df01b5f33a48ff5634f386f6fbd8abf29392c4d77025eb59e8bbd6883095ed53,35,1,35,2,train
20120810121634Ch,train,2012-08-10 12:16:34,Ch,5e764775b4b4eb37e79ed562b79a3c6de894e4e6996771ee5581d65f08895958,85f971cffb2d641ccf4765e60fe301d5827cfa36e04f5fc5a40292c8a1c4abcf,35,2,35,2,train
20120811121434Ch,train,2012-08-11 12:14:34,Ch,5da7e2671268ccebdb9a0c3b67692e4532767542816e00b55f89e0a8a871a271,76c81b06aa919a9e33f4aef0035e100255f991124cc92c1eaba0a80fbd01dd02,35,3,35,2,train
20120813164714Mh,train,2012-08-13 16:47:14,Mh,d09b13a313a8afdcd4efb8d7050e9a8b7cc603de99fbb233804a3f85158b27be,3c7b99a44074bfb424b238b2c3fa26e789642d99ee3f736c6224af7e8a3dc325,35,1,35,2,train
20120814140454Bh,train,2012-08-14 14:04:54,Bh,9fd0f041619d4948f2ee781239ffea1cdf31c6c0d0a88741bff773e47c13cf61,e1ba3309521c9f276b99caed4149925efb85f48e28ada287c34457cdf7ed1dfe,35,1,35,2,train
20120814163114Mh,train,2012-08-14 16:31:14,Mh,368babe25248e2517bb196f86af15a2845ddbedde1fc775b1f12179c274c3718,a952bc8572fbb47b41f15b3e89304debd9383e0bf3d3cc5e6cfe7f0a675d88f4,35,2,35,2,train
20120816072814Th,train,2012-08-16 07:28:14,Th,5eeb6d3169bd1417fd25338e2f0e934166fc139a9666990b31901a687f818701,00bdb287ccf0de047c36ea48cd5f1f46002345892b112b510469a6a450050826,35,3,35,2,train
20120827085114Th,train,2012-08-27 08:51:14,Th,f6e26a32d83315ba127554cbd228ea6c096799ddc1ca0dfe5dde31b48caffe9c,d9436d80344bd4c4c3f710f3f8f98f0757b2dc5fca0134e74a787f3674e7ee79,35,1,35,2,train
20120829063134Lh,train,2012-08-29 06:31:34,Lh,40e2c6bf94673cab69b5ac18ea8756e0a63c5d6e6bb778ec508afd9bf95f78cd,caa7e1dd1b82b16baaf9426e81a7d0e649c6b361ef4ae05fcff62da06711a8db,35,1,35,2,train
20120901114934Ch,train,2012-09-01 11:49:34,Ch,87e6ecb8cd7b65ae7e2f6a14aa58e6ca2d0e8e80a9bfd16b9e4e7ab7ff50b0fe,028020795c993dc3ce084bab3839a14848ce0b324d5852b9cbde4c526b87f3df,36,1,36,1,train
20120907141954Bh,train,2012-09-07 14:19:54,Bh,be67198a5c1eef482d9f0145c7d739cb927dc8002d28dd7e6b326a10d10381d9,b5547436f4659270aa02f273d591ef55100458cc9d04f8c8506907c5e3b24f1f,36,1,36,1,train
20120910074014Th,train,2012-09-10 07:40:14,Th,9c615cdf57d36d39c306c9070126152730ab19d6b97efcc1e88ca51fb35f9459,cff2ba8cf6009c11a431fdba006ab369d89846d40a722ed0c77fe0e47ee1478f,36,3,36,1,train
20120913165314Mh,train,2012-09-13 16:53:14,Mh,96e5ec9490ccafea31cd4c0c3faae2a6757ed833be94765990a49305b577f1f7,bedd96727031699f1c6ff4bf50496666c0338a9518be20b4e2e4c019cd479170,36,3,36,1,train
20120914063134Lh,train,2012-09-14 06:31:34,Lh,bb4ed81ac82fd569bf6983470bc71ff71e33eaf84bbb94a9f5a331aa582d8dcb,318a837cfca52e8e005a5137402ddb00a0329ba9cb4a082761535bdb9ad511ad,36,2,36,1,train
20120917142654Bh,train,2012-09-17 14:26:54,Bh,73f6eb7c11622879bcc5a951e0c5c2068f34d0fac0b3c9eb358e9f5cbde4408e,0f878205a6bac08a3927480adfff9bcce9fd995f195e7eb501ebff9f0be8ab81,36,3,36,1,train
20120928063134Lh,train,2012-09-28 06:31:34,Lh,0764b12b87dc43e7258b43f659cef4a53241b04d5de20399ead1a6540311f8ef,cb929359ec835834f938ee31c8a46c663a15cf306f2780c608288c0808615a0d,37,1,37,3,train
20121006063534Lh,train,2012-10-06 06:35:34,Lh,909a199d37300ef8564a9c8b5a566597e5e159df08c57766e566001fc548050d,b149d44538e20a44dab9492e25f2fb10dcf82301c6b8c6ba0a6acdf7aa618102,37,2,37,3,train
20121007131134Ch,train,2012-10-07 13:11:34,Ch,7725870366b4166d79b7daf8d00309968c80f2ef4f00f44e710eca523d815872,765b585b473922f05069caf22264f52c469ed6e6afb702021c03ff4bc5cfd93c,37,2,37,3,train
20121009165914Mh,train,2012-10-09 16:59:14,Mh,5bd93cb2428a1e06c364172fc10ee94856c3b69d230059ba4cdd381ccea9060c,c6f82a8e4f3cf26da6ac2c6bbcd63cfbc7ef1859de8b3719b68e89431eb1fb87,37,2,37,3,train
20121018063134Lh,train,2012-10-18 06:31:34,Lh,130ec510ec549e05c7060a2f0f295e3bc205f6d9d734af06cec2b3aea2612496,af3f0ee6698d67dec1b108ee04f7e2501e0dd48d21f168cae7065b6342ea8b60,37,1,37,3,train
20121021145454Bh,train,2012-10-21 14:54:54,Bh,f2c8a8b010ad44f21da5adc9d1ec347fc66083296227e9c6d38422c7fd27f8ca,915013e1367dfc79cadac0804d08196a8092d79d649f7de1fd59f4d388f1bb09,37,1,37,3,train
20121022145554Bh,train,2012-10-22 14:55:54,Bh,59878b6667463d044951ffb9b5e518ae9b1d56a3cc754ed6a8c88c3d1d9b7b05,9f1d4c0211feaf82fce143fb76ed0d7a47e1e7f0fe2b63cf81537c6d82da7677,37,1,37,3,train
20121024164714Mh,train,2012-10-24 16:47:14,Mh,eddff2ad676c5796e6c9b39c6765be9d419875a3124899be92f954ef1d3f464e,bbc0c0cfb6eba222613f952bc12ac942278adb96a44f5d193900fe15aca07492,38,1,38,4,train
20121026063134Lh,train,2012-10-26 06:31:34,Lh,ddb679dff63e986bc50065c8738efb24d92a7371b7f453718f41f49790de4a96,62fae3e6b32e7f00e9ccf160f6d35988d4073f42a0c568c1110cca775f375dc3,38,1,38,4,train
20121027063134Lh,train,2012-10-27 06:31:34,Lh,55c33c83a447b0e80992d638a6eff024a011a6b29f6a161c5554f905c136db6d,c2b2c4b598eafe105e155b589468174939ea7a9fb6939764e85c61a68ad75a7f,38,2,38,4,train
20121027165114Mh,train,2012-10-27 16:51:14,Mh,5b8f96d90a77959359bc20e9d0534043c4063e6bcc4d65259e02c89ce8f6e87a,1165e7f0b2a8867c0c8b4fd669cdb2c7a616255c9c17390743d497da70ffed2a,38,3,38,4,train
20121030150354Bh,train,2012-10-30 15:03:54,Bh,735d2168df9c0c7650e046d4d344a15fd82dfc578b561cd0000b98c04f2b2061,bfb984b368dcca21039448df222abd392e77700f95d8108a2ee9b853690a888e,38,1,38,4,train
20121108155954Bh,train,2012-11-08 15:59:54,Bh,6320607a3d8e718142cf762d450ea8c47cfef41500dd410eaaf1b5b408b54956,8aeaef52343be7b6db4d9ec81f8c8c0e98fc409c7c9c06a202f52bcb860852c5,38,1,38,4,train
20121109103634Ch,train,2012-11-09 10:36:34,Ch,339243254bc73114b9810ca1a078c3e53abe724a9326ab5ff9235e0eb4e5c5e8,13d596db679ab305d1bdb8ac82355eaa886d7f6ac5b5c995abbc1ddc71c4966a,38,3,38,4,train
20121113103634Ch,train,2012-11-13 10:36:34,Ch,c726a3a217799a697b5a4e2d53bad366a56d2f7ed79ec8fb9c6defedde77d521,b4b6384ff569bdf1d4206a28bb18fb0ada172c4f00ed16563357e47accae730e,38,3,38,4,train
20121114172254Bh,train,2012-11-14 17:22:54,Bh,84a444c6cafa166843363837b1b5ea6d032543b9babc19dde7b3f76afa77a3b7,6a249de838ce8e1623974f54b154cd262c44780bffa1d0a23711ea8964b54bbc,38,2,38,4,train
20121118092514Th,train,2012-11-18 09:25:14,Th,fbf3d6bb9af44ee85b5477b7d803a30b306609226bc7a8b4d3ee035686da9930,5e00627c47fae12eafa155e91a99c89fc32472aface79954051c5c4e368d9a0b,38,1,38,4,train
20121129063154Uh,train,2012-11-29 06:31:54,Uh,d2a3d1f0b97f423805b9ae0f1a3b0483395989b5c83ae4773aa703012c077f26,2e0bdd64a9737f4fe627fe50d3e1dfc3fe5722505a27f0a54bb393baaeb0cbe6,39,3,39,4,train
20121207103034Ch,train,2012-12-07 10:30:34,Ch,0cb36f59789b4eedbaf2ccc6726011e578b01363cd8f190fe6dc4fe619512d19,cae84109896cff499f080469ff3e39a390d072e99da3dc1c3f627abf9e160bae,39,1,39,4,train
20121208171514Mh,train,2012-12-08 17:15:14,Mh,9ac2d7e6b619630ced55f291fe18e6e080896122b7729fb263c815b2f1a7f00f,41216de48f88c83a3a1fcaeeb64d8512bb1ed6b71b09afecc30e8a93144bfcd7,39,1,39,4,train
20121218063534Lh,train,2012-12-18 06:35:34,Lh,0c0a3553a31eb102f8b36af534095deece7b32e32db2a1aa22f50cc4a11d2b2a,73e823ce13081f8c3f6df76d359eb25627ceb053a4e52cfb419d992b4482e17b,40,3,40,4,train
20121219063154Uh,train,2012-12-19 06:31:54,Uh,f572a3b6e4dbe2ece5924f2aebb4911ce3499fcef310a7c3c12bf6ff38f2ef3f,ede5609ee9057f8768b48bef70d11b2b17531ed7c3cb25686a4f75bace97018e,40,1,40,4,train
20130107174854Bh,train,2013-01-07 17:48:54,Bh,28283807f20261c9faf874a8e0c3066e7264080f61240fa116e7ef2fabfaec55,d2acefb52f5d8294fb482c619a8ec32a8d512c1d2fd42c8d3fd1d65ca291fe91,40,3,40,4,train
20130109130334Ch,train,2013-01-09 13:03:34,Ch,c49e74cf288b0e0bc04294c12dfefafd157de3e0fd28a74c0e6fef850fc92611,45e355cc5efc2e911e7956dd97e7ebd033555ce4976b12c8546ddbb8fb17ab2a,40,1,40,4,train
20130110104734Ch,train,2013-01-10 10:47:34,Ch,89ae70ed80377d790ed6955c7b40c045f58880cd621093e3d7198108c1ea0fe6,ed034d0cf1eabaa1d0b6c80476366b36c62e34809121d999505a6f95370240b9,40,2,40,4,train
20130111104734Ch,train,2013-01-11 10:47:34,Ch,e219a64abc69c915c13bc9708def668ab397ccb261026458b392f3c41df8052a,78fac35679fbb22da22baf0d2439f9b18dbf0d054d6ad89b21149cba968d9a19,40,1,40,4,train
20130116172814Mh,train,2013-01-16 17:28:14,Mh,6ff6ccf8895e75ed86174ca3f2d1d2839c78e2d596aaa4b6895f4d082b897037,8aba0af8e9e83062e1348bd4690f29ad31bc79340f0f7374cf784f3bb3c57ce1,41,1,41,4,train
20130201084914Th,train,2013-02-01 08:49:14,Th,199b0262d735d8c9f357f48165f4cfe73fe8a6f8ed6a7ead84bbec7512df4405,7f463d633655aac25e25ddae5ab973c229664483175ddba65076d3971be7cba5,41,1,41,4,train
20130208063154Uh,train,2013-02-08 06:31:54,Uh,768ab1cbcbc040f57cb5c5e73bc60ed1ac5ca7e2b20320b992cd3f381ffe8b0a,8c69ef863d84cfe5f0840a05f2deb4ac8169204201574cc3013d63da5b0a288e,42,1,42,4,train
20130211063134Lh,train,2013-02-11 06:31:34,Lh,d322790a8e6a39436b5c1a37a097da22d036d128252f0bd9ab3c4bc57d64323e,ab1ca2f1525029084444ec6df3750bd421a061218c0622a0517a8c2f640b0ce6,42,1,42,4,train
20130212153254Bh,train,2013-02-12 15:32:54,Bh,1dbf6d90cf9e0ca3d80d91a48e4d0d830ddefc49eae6379af539665ec41ebc51,4063782084b8c82fb2ac761c2bd0679cc16294a12cc735eb5938d3131a25da1c,42,1,42,4,train
20130214111534Ch,train,2013-02-14 11:15:34,Ch,1f1999b80b3aa276dc59c118095f77700788bd9d967bed43acd722efec4e912b,70f93b3522264e5ea3a251d967d290073ec19a13d96d735816cbd75e653a6f53,42,1,42,4,train
20130218220314Mh,train,2013-02-18 22:03:14,Mh,fe0bdcb3ff3bf5745474b58af551a89a1d4547471634f2cd4b992ca869200931,94bf54dac65a34f3d1ad3653e422faa9cb9e384ab85386e2aa9ea9b72d39e32d,42,3,42,4,train
20130219063134Lh,train,2013-02-19 06:31:34,Lh,fb1a05f52baf0ff7fc4b78cd27b0ce4a810dd0469391762f18476868aa5b1e51,9bc98aabcbd1481744226b6783da189bf2a1cb39464204ae70cbe4f9b674a80e,42,2,42,4,train
20130221063134Lh,train,2013-02-21 06:31:34,Lh,d1d5a397a92f7a56733010feb1783721f7e98f55b43d77f8b0ea96a9338260a9,2d8060a4596fc168a72e867f71b9bc019a6e18dbab4d1394fe00952a768ceb1c,42,3,42,4,train
20130222082914Th,train,2013-02-22 08:29:14,Th,d443f5fead5f65cf49f491b39e91a0cf37ecb24c319f659cdbce176582ba254e,a7794e1b10aebda2621ca7248f0734eb5b3c2383534e88befe4f34c02afe5724,42,1,42,4,train
20130225171214Mh,train,2013-02-25 17:12:14,Mh,94b90b36cfe625ec33779e48bcafa76ca0e71dff2c150d9a1bdd0fd44bff1bed,a8d556de2316675170581b9328952f9a8026f8f095de3216d5f81f010ae463a7,42,1,42,4,train
20130303063134Lh,train,2013-03-03 06:31:34,Lh,5aab2490dc594c8131ae7249f9bd1e40e90919ac892e311b0a48da022b218318,24de4593804a9e6b4d394e1a84159fc098c7fb4516cd2a876e0e51b36e3b8fcb,42,1,42,4,train
20130303063154Uh,train,2013-03-03 06:31:54,Uh,0f3a61964e7fede773ea9c73d32fa2a8004ecf51b73bde589caa57f268406687,e5ec3f030839372a6ca6277ccd9ed4f742baec9959a7808bfdead32a4d72c03a,42,3,42,4,train
20130304170614Mh,train,2013-03-04 17:06:14,Mh,5a1f8d9525df9944541101d80707620f912c199731fbe409a53d256c49e96747,25295d6a84438cc37b299e2235286d2899c5e5f0fca1600ceabc73e4d7f4b172,42,1,42,4,train
20130305112734Ch,train,2013-03-05 11:27:34,Ch,e3771a9445cdf65d7d68c987c6ed98a7aa8dcfe00f2f6d579ca7f566c28303fc,0ef9ee76ff52759be4b9e3730258c68c9d83e531f3a41ec531d7d1746bc5fba7,42,3,42,4,train
20130306172214Mh,train,2013-03-06 17:22:14,Mh,222844e24823426512e81fcdd92b425285f08c80a23b0bf105c1198995360c9a,befe8d5d89afc6527be9223b4b6b15f9a0dd4d8f83edf0301e0855a8e754b7b0,42,1,42,4,train
20130314165714Mh,train,2013-03-14 16:57:14,Mh,369be43eedab9f6794ab307ce3c5e5ab7366ec0250a6744049d530e218233581,6b83d41f762e4257113ed39ecc995994a3bae2ef595759bce7cb7de8f82f967b,43,2,43,1,train
20130319144654Bh,train,2013-03-19 14:46:54,Bh,a1e3b4be5d8a3d907deb3c0ac09e550afee4696831e46740c7959479aad7bd34,8dceeccc62702ca96bbefdd5afaacf56918a014396369c1411a3194e4030a49b,43,3,43,1,train
20130324015554Uh,train,2013-03-24 01:55:54,Uh,060835ad7b34fa1a7fc809ef43b4a4647dc9de14d5a1508d4d85d0635b32a0cf,fd0a791e6efa8aaeb27b303debd082e61f209e99291a4b5c5103c13081585443,43,1,43,1,train
20130326063134Lh,train,2013-03-26 06:31:34,Lh,729cb1ca799848213d8738c66ecc730476c625313bba0fa441ac44b77fc6b63e,57d87fbb76d75765c0c2abb60538ce439e385d143bb64edc0a89f37ac91b3329,43,1,43,1,train
20130327175114Mh,train,2013-03-27 17:51:14,Mh,13ea144a7d05a9246af938e126436d7bb619d00d544f51637bd120ee2114e995,2f8107c9e08bee62403695367a3e7a977d96917ef692b0feec771e5030b38a73,43,1,43,1,train
20130404063134Lh,train,2013-04-04 06:31:34,Lh,9dd0d1805c160b65c0fa4f3c86b45b874ffdff53de285dd3252c6f48d8fd2af5,a800e2802a56da63071c685db9517ef2a57cab12511d2bd95a0d18ec08975a20,44,1,44,3,train
20130405114734Ch,train,2013-04-05 11:47:34,Ch,dca1bdd33efb6c905f0c3fc2cfe7b7a5931f213ce5463e6dddc95f76ec7585e0,8dff78d660470e22e8ee2566f2b35fb1cb19c37a14d9e8c2176b7ab65b27aaba,44,1,44,3,train
20130407063154Uh,train,2013-04-07 06:31:54,Uh,8441e314b6fdc26c91d3f7a6e34f1b150795368ce04d86ca7549a45c15208da1,e9820b9be44fbcfe8b1d63d463bb2a805d2a0a6054eddb4cb054b57f9b87a9f2,44,2,44,3,train
20130411115134Ch,train,2013-04-11 11:51:34,Ch,08e8599a3cbd0f5a80da727176cb31a1a4c0aef11420111b707171a847fe0f35,ed273ea1805b9c1df5b9dc63a84fa036594b70e86328eef8bfc60d25c4e16d63,44,1,44,3,train
20130419070254Uh,train,2013-04-19 07:02:54,Uh,d809b37bbedcdc663753033e8226f5d1117f0c2939ce04308743723ebe829454,2ddad542e86af35740993c1a282052967e2aec30584a8647e1d5d893d4026149,44,1,44,3,train
20130423072414Th,train,2013-04-23 07:24:14,Th,501c490320fb5e5a85ab80bf8e6eb80681c3f8f5daa2a9edeaa90d469899357d,6b7e84278bcd57946734b6c25ce325b4cad4ec16784f93e4f0f185415dbe1f58,44,1,44,3,train
20130425135954Bh,train,2013-04-25 13:59:54,Bh,8960f21d0c5441ee15d26b056c282c30e9759aedc6de495eeab12559b7352ede,a07afac9a238a9a7abd0e1e656cd03e277801a93c55647e2bacde6bab1f7abec,44,2,44,3,train
20130429063154Uh,train,2013-04-29 06:31:54,Uh,d18c4228a6ef975aa7cca4456c66214a91d3edddea51de6fb98a9bbcc3e95398,af4f0304946207d21d52b57e3f87ac957eea2b0e3e24b25adc52cb341a6d242d,44,2,44,3,train
20130502063134Lh,train,2013-05-02 06:31:34,Lh,c70b755ae452e1e82916e6505e6a0701bcd9ecbbac1115f82268693e6c701fcf,c7d2fca4cb4fb159abdca75bfcdaa3ef4bcdebee843efa049f8da89aa9110f63,45,1,45,2,train
20130510134654Bh,train,2013-05-10 13:46:54,Bh,fbe7b0c555daa8d77470a3a6ac91bef14ae8ce9a17c2b65bcefa6fb02b91c39c,67bc49e89f9c017f013acdda50313e5b7025ff40bda57d5081d65d6cdf5c3b7c,45,1,45,2,train
20130517063134Lh,train,2013-05-17 06:31:34,Lh,25133604de6e410ee1b90f585a4b94cd33a2f6fefa6486e5b3ed8943fa43cf66,10ed5ee0a435f847542adc4d753b70173fc398cd37959013bb3aabdd9a085bba,45,3,45,2,train
20130601063154Uh,train,2013-06-01 06:31:54,Uh,0fc864af4ca184725ae36a93b85e2d62da07a0c0af26b7e621b81676e3c4dc4e,c85f1deae9ce61fecc22425ab6635e2a86e8bcab9b1957145d682d62a339794e,46,1,46,4,train
20130609123334Ch,train,2013-06-09 12:33:34,Ch,ef3a00f23f89253609d6aae49b15909232c2b674d9dbbc67b4b76dee68fb825b,9107947217b473c1d2336d85884972aae4d7c665d6f3fbac0ea6b28f63f98f58,46,1,46,4,train
20130609173414Mh,train,2013-06-09 17:34:14,Mh,2b26ec1ae400430327d07e894f34507f32de41749de7c748cc1fa047a08a8267,d74359fcf8ac175ad9128d6216f96a20904a669b0af4ce3f7e732ce500ae56f6,46,1,46,4,train
20130611063154Uh,train,2013-06-11 06:31:54,Uh,5dc836a0a1dfd0de057e46f8f91e1c6b581d67262f7888845ac05f111e05f0ca,1164d881b6d0be3af94990131a5723c380553090287307c6afe87620f2f8a5a4,46,1,46,4,train
20130615002434Lh,train,2013-06-15 00:24:34,Lh,668f5067394bfbdc29f489d98a95b1fc152b882b6e5cd6ca13db40702c3677e6,593d768e9201d3817d3409cafc89fcdb4d9c02ad757a8d09ea7543910e3ce57a,46,1,46,4,train
20130616070414Th,train,2013-06-16 07:04:14,Th,dade68e3f99df3ff60d2e0e60489b2f5d6564e26054b108b058cf5cb9040d34b,304f5cc4c7a0c45eedd19af416cb2d4795c94706489572434f6f5125fa77118c,46,1,46,4,train
20130628063134Lh,train,2013-06-28 06:31:34,Lh,5aecfe1ec8295b11bc510113b4c072e690f19335d80a6084027b6c492883cec0,4e44f49c966686ada6aa0cf8c6a6f23f4bffd2a49336d57bd35a001f62f38ac5,47,1,47,1,train
20130630070714Th,train,2013-06-30 07:07:14,Th,2e17f7ec7b6a7635f926c579e10753fc3774e1b38077e71334b06f0aef67590f,437c5bb0c9a749675ae6e4edf0f3533d1fe12592ef6b0aab0d6ab11bd69ab354,47,3,47,1,train
20130705161714Mh,train,2013-07-05 16:17:14,Mh,480726e91dd1a09a0e5a17b3285bc29893ed1a418d98ee95072c6098edd3a8b4,2079650c50b55127a3be6d98f719f678486e3a9a8bf9ecade592162b89254188,47,1,47,1,train
20130707134154Bh,train,2013-07-07 13:41:54,Bh,0ef657bf8c8509330ac822bf06db8a12bc35f1c8665067199857dfe89e26bdf1,00eb591a795afecdfacc85631e9f16b194ea78c9c3b4543f49a0574e9a3098cb,47,1,47,1,train
20130716162214Mh,train,2013-07-16 16:22:14,Mh,530b2ba053572b92a1d095525a8f6179fe58990ae09fb00dbda8b55a5406067e,20de993e5707befea4959ebef8bc60c32a1eeadbfedde169910e7bda34294846,47,1,47,1,train
20130717123434Ch,train,2013-07-17 12:34:34,Ch,0e1ba897febd187dffb185537f2fab90e0d28214cad51767032647884b6408fe,7539a59d28555b7d31670ad55fffc4db2e7af40bf18990cd784f07400f124015,47,1,47,1,train
20130719140154Bh,train,2013-07-19 14:01:54,Bh,f8b3735f8cbd96152e1ccf2b3c9c4cfa6bae197f5f5410999fba9b785fc605e0,583d82141243fdabf63764d99ecf3fd6229412131cb6f8abc972ab4e9db9dbce,47,3,47,1,train
20130725122934Ch,train,2013-07-25 12:29:34,Ch,efd4bb54ab2e4724c5b781855b2198591bf08a69017b57cf2efc1f25eb73cfe1,db916b3e69205a8c72493c77b3be18bb782145938e976a893a4a8a79618f8772,48,1,48,3,train
20130805135854Bh,train,2013-08-05 13:58:54,Bh,0f96863a5877faaab3d5e096d317cd95867e774aa8f466ce6248f45ba52dcc89,f7686c359c8f621699f6e6ecea80666a66734fbb64b8d20308e732a3f8618f8d,48,1,48,3,train
20130807073114Th,train,2013-08-07 07:31:14,Th,a30368b13491068082495756df86712dfa7353aac3e0c0eb69050c821486b882,29ee7a7cd80bd1a02440e8add08c11dd09e86ace0ad327b56e875197ba13f0c1,48,2,48,3,train
20130808140054Bh,train,2013-08-08 14:00:54,Bh,b17c08fdbe53aa3ed461fc5fd98d386dd2c88390ef5bc04e4d5cbdf00328cab0,f31479724aaef377a5f652f7c92bfde9014d5e6358621348d712424ddce97dc4,48,1,48,3,train
20130809072814Th,train,2013-08-09 07:28:14,Th,694ee16e72b27f6e957378e245518d2d769207e74cf12de15410682251a96599,d3f19a73f36ae0682f8fc93730a428090a5bd9d31235cd9b5da803b3044ddda8,48,1,48,3,train
20130810121534Ch,train,2013-08-10 12:15:34,Ch,6b9fb40510ba372fafa50bed009f1ec2d33f3729842bd77363cfccd4a50ac68d,2ceb0b5ad8bb460890a189e682d28d2bb2e74755bd16ec1cf033e3c67ca33e0a,48,1,48,3,train
20130811140254Bh,train,2013-08-11 14:02:54,Bh,615a14d6a3362f63427df4cb195ac064ca0d6e959619280657e0722186a5c978,7cfe3bd91a3156181484a76da3a22ddc13951666af48f00627aaaa72842163b2,48,2,48,3,train
20130813060834Lh,train,2013-08-13 06:08:34,Lh,26ad510fea56d0cbfd061c7c47bb561ce56ff5f2b1451cc1f6dadac88612a291,d76fe34be5203187bd6dfa3dd06b5ba48fe552fc655d56dac8364648412068b6,48,3,48,3,train
20130824060834Lh,train,2013-08-24 06:08:34,Lh,31e2c921ef79686b8c4aa29612e21012955b926ccdee6e6f1a53643445abe5a5,fc91049615f2fe140836dafead13a1974bcaa716c7db7aa153d813249d49a873,49,1,49,3,train
20130828141354Bh,train,2013-08-28 14:13:54,Bh,7427b5070acb7e2989208b45c7577eaff5c8cd2649e77305ea61a952301ee41a,97f222d26733d1d16040d47a5c9793de1c1cdc85b1113a467a8344faa65262c5,49,2,49,3,train
20130901073614Th,train,2013-09-01 07:36:14,Th,54684493460dc5efb8f92aab74114116782a3fd5a86dc8059cbe9797ed8905e6,5ab4ef63f323949cce2afbfe7e16f0ef98642df4418f0d149870adc4fc626b27,49,1,49,3,train
20130903060834Lh,train,2013-09-03 06:08:34,Lh,2a278c0f0aa27f4f4683b97769d43d6f772f189a121ac8c84ab15817fb9c3d14,84ec43a9076436dc7e7980ad4b1244ebe6af096dd85e6faeae43e04291f2fdf5,49,2,49,3,train
20130903141654Bh,train,2013-09-03 14:16:54,Bh,aef279d3971148e448bb5e5268e6c04e103ec1ed8d671b420cda084da44ac2c3,35683b2588597f2f18903a4740ed99b2149a65b4ec86037bbdaf689d0c820ecc,49,2,49,3,train
20130905073714Th,train,2013-09-05 07:37:14,Th,b07c8e97c6121959d483eac2b2e87d4d8be523368a9199aeecc4d96dfc82d796,0ffb98ea108571bdb859745ea5f607f14be42746e18f18d70ef654af18a3efef,49,1,49,3,train
20130913142354Bh,train,2013-09-13 14:23:54,Bh,2a92f006dc4eb80ebe9d75af360e241e216348c6e780391ab552e0ff239a2abd,9ecdef58fd963b88125c90a2fe33b82b6aaa509c411707a021400508f3b84c16,50,1,50,3,train
20130919060834Lh,train,2013-09-19 06:08:34,Lh,1c743d8fe8de7e65352cf76149865fb00593bb0c4d8ac1756ff8ede519f1a01b,4d6729ca3e883a60c0b6f6ce5d7d4a75d7de608a509e6127db16a02ee36e1fe6,50,1,50,3,train
20130921060834Lh,train,2013-09-21 06:08:34,Lh,8c32779cd36e610bca39c5736be4fcd0aaecd2e77c56ce9408a3b25e4217b427,d2b95839365bdb726dc514ed1ad27e2aad358bd30605f8bd37ee0ac18188f51d,50,1,50,3,train
20130923060834Lh,train,2013-09-23 06:08:34,Lh,cace49338d97a54d3788d547172f75e91ecffde7606c7831f2f6e9a4dfe4e831,7b446f5c139ea98db4bba7d2ff0fe94fda796d10c887520793060e2c4efad275,50,2,50,3,train
20130925143254Bh,train,2013-09-25 14:32:54,Bh,8c9d82cd708e84bd40f158aab18b75880cff8c82bc8747cc6257189a1e705bc0,aa73fb1e615409b077ceb5f1599d1388172f0d6036b856f5f4f1c049c4d21c2c,50,3,50,3,train
20130926060834Lh,train,2013-09-26 06:08:34,Lh,b1a9daebbec3e9c209e5995e29b9b1fc29b5fd76dfc1432f794120f58d803772,37a22f5fd983a42b10b9adbbad4a38bdc7439fe4a92eafd936efb546e53b4932,50,1,50,3,train
20131006075314Th,train,2013-10-06 07:53:14,Th,12236c8dc5858fca3ac95b49c0f8c0b4d6ef319053dbb322ca50b79517f4cbff,ab8ef6e4dd9dc6010f3226721694ac50c8b3e151128175dfff29fc168ce040cc,50,2,50,3,train
20131007075314Th,train,2013-10-07 07:53:14,Th,d6f607fd43fbacf2912e106cb9b7e10088073887545304433c531db808922815,7b118bedac18493f81b58d5dffbb0fa4f32db7aafa6166c64ed8804c76524dd2,50,3,50,3,train
20131011195414Mh,train,2013-10-11 19:54:14,Mh,bc265b99b856ed96bdecb1c2be9c5060ca402830af257087ca55b8f4371fb075,3b00c01c8e781888c63cfc923ceb06b418e0aa7077d99e2653f88a22a6f7eed2,51,3,51,4,train
20131013185334Ch,train,2013-10-13 18:53:34,Ch,4795066e374677a018bf166970f844e0df0ce9ed02421d8a447898455ebd6a8a,a75251573d58daf32bfecccec6e13005eb96a01b0c55b36eeac41ff354d080f4,51,1,51,4,train
20131016185334Ch,train,2013-10-16 18:53:34,Ch,6c9137b13ab99e4b77f819206106aed200db8321bc3b42d3d122c5e1e58cd16c,9903a12661490154e2ceaf601c6f08e31237cbcc2b2e735264310d6647a2ad49,51,3,51,4,train
20131017185334Ch,train,2013-10-17 18:53:34,Ch,1603227bd3d1f4d3f0e860ea195fd9d64e3532d150b1c29cb323116b665d9a96,701dfebbd52ceff6f7d3d7ef49f136abfe1d1426e6468be428155a9d7556fcca,51,2,51,4,train
20131019080114Th,train,2013-10-19 08:01:14,Th,73e73348a3546deb87e5cab83cab8e0b109388f3a1c17888aff9d6677100e9c5,6bb37330a160aaf5f4ee683cb0ac083f69ee7f1b31b3433ceebf77b544b50a62,51,1,51,4,train
20131020080114Th,train,2013-10-20 08:01:14,Th,8a78be951a1ab72813b37ed1a43e56089be71b79cdbeeda3e94772d2c0f7d561,b80ca83c24f74713fe04a694d76e3781bffd65b4c863fb92708f8c53d759ac5c,51,1,51,4,train
20131025185414Mh,train,2013-10-25 18:54:14,Mh,7952aafe59d69d8f20693c1ea4a4345a27928aea268d0e4601b54a0a00d489b1,a3d5674de311be21aed10115afb58d6b0ba7fe543fb76dfbc0829d7ae93d543f,51,2,51,4,train
20131027025654Uh,train,2013-10-27 02:56:54,Uh,0d261cc93e52ee473266665419bd25e6e9d4d0bf8084773c86317c7fbd99a385,66307a7a7acb16b4802a3722fbbd2ceab4e223af6b8ea034372742d665d1b5c3,51,3,51,4,train
20131028190734Ch,train,2013-10-28 19:07:34,Ch,50ba158efb2927c11e21b8314debe4dea869912e0c983d26931b007e47bc4f10,72f51b991c4be1b11d11523f8de2599ba1feb142351996fa9a4d81a5012054d5,51,1,51,4,train
20131030185354Bh,train,2013-10-30 18:53:54,Bh,901e023efd359bf64eba3de22e2631b49d4a33b4b7a1b49cfd3001470031777c,32dc1857bd9912739e43fe9f01b274ca261ff80fda17fe0dbf0e53608bad17d9,51,1,51,4,train
20131031185614Mh,train,2013-10-31 18:56:14,Mh,60400950df4202b54981e6aa698f048919636a5e1563d298e241a47386b6fe8f,908df8f97bec85cb2f26811d2a73f01fc54edc8322e3eb281f4d12f3919be585,51,1,51,4,train
20131101222734Lh,train,2013-11-01 22:27:34,Lh,3d8563666346ba13ca35b2867299108abf51cc74da017df0054d9cab92395679,671762c1c2b2c31b039c30d55f1f3066a129bf9b12b7c94b8f9e190340789f9a,51,2,51,4,train
20131107043054Uh,train,2013-11-07 04:30:54,Uh,69892c1251438240be5e6aa82de8b5d46d248bf5ce1840a0386eaa9b427f5fb2,21730d82ced095813408cd8b77e4fc646b75c8bc5f47943a2fe937092bfcd0e5,52,3,52,1,train
20131108045254Uh,train,2013-11-08 04:52:54,Uh,ea9659c4dcf7ec3abe8269e87cf3fb7b8ea7e06a001a2023c91a8fab854e567a,7d622a767a07be2a7f803d4323a14b694f48e13878cf77fc791b3b661e04ea0a,52,1,52,1,train
20131109190514Mh,train,2013-11-09 19:05:14,Mh,e397f2dff449577979a5250bfaacd80f32e009df4bf0731d6ee1ec6e358f00a7,375e6a7fb107250379e7ed8ef63a17f606da2715798ba62ce213304e2ce38ca3,52,1,52,1,train
20131109222434Lh,train,2013-11-09 22:24:34,Lh,21eb0dc892f817cd4fc8b39b5030358e2bc4149d28863b6aaf75ab03844dcc3a,3d184d9448ce5807a0447f8b1b43297802e1104739b3fe97ea0cc6347cb5a32b,52,2,52,1,train
20131113004514Mh,train,2013-11-13 00:45:14,Mh,9b04644ef5f88e290d094152a93a5ceb45dc6f76d083953d2108360ea5ba34f2,a8018869521691e205d140ce2ba0b0cc33ecf5ed2fba1dbaf752a5ab7b129681,52,1,52,1,train
20131113185414Mh,train,2013-11-13 18:54:14,Mh,570a9e5e367e34e5c924ac022a2dd1b9cf457797e039ce74953e3937cbc5c34a,72752822e6ebe52989efd8e6313d9a02762956ef705f7a011e9d7d375e3ffede,52,1,52,1,train
20131115185414Mh,train,2013-11-15 18:54:14,Mh,95032d7d6d3ce5a8f4ed248503da2c264e026fa0fea2dcd97f25fddd3281b662,8c922dba03dd7c799a007dc2d9a086bc333d94230fe50472f67bf9fb54739961,52,1,52,1,train
20131116185334Ch,train,2013-11-16 18:53:34,Ch,08ebed789fcf6732db85c129a5b7d986b54879bdb75de42a0b39c9bed52b9338,f58a1c29b15142b9b93afc42ce243b7ef9bd7009a3af155f9fb0ae72a879e3d7,52,1,52,1,train
20131125192154Bh,train,2013-11-25 19:21:54,Bh,dcfdf0b238f1db9c28a65f6c39191f25fdfbf560f171a40238ece5ae1fa6b588,6396eaf91c08f220a3091315b782aece71e4c0671ecda6f592e2b1ac42d3b6b3,52,1,52,1,train
20131128192214Mh,train,2013-11-28 19:22:14,Mh,98762243e965b82bc5b9d405377afa4b6df7f505a335459e12d63ed5b1e57170,b72a2dff80fe4b1950db5715496b124ac8cce88582db84dbbc3860556782ba45,52,2,52,1,train
20131130192134Ch,train,2013-11-30 19:21:34,Ch,c781dbeeab211df9a3c4efa39288f9488ab71f7d23154cfe9afa1e0456e40f73,e42f3c5d0684ef16341f54a3c4f4e81d91fc03156f9bc6201dcff4e869aa9260,52,1,52,1,train
20131201192134Ch,train,2013-12-01 19:21:34,Ch,ce69185bff1e2e02c0a20df411fa9e24eabf0291acee215da89a6c10b28b43b9,6dec9bc86fbfab7a546637936ac8f0dd7925e3a2f64bb9ca3b9e42368753741a,52,1,52,1,train
20131204192154Bh,train,2013-12-04 19:21:54,Bh,4b51087f2b50ce1207f42293a1abd12eeb6d364004761820ca7be86fed7acfd6,843c229cb197ab41365144cd91b3161ba2d65c27ccc5dd6b28600dcbe9895231,53,1,53,3,train
20131206084114Th,train,2013-12-06 08:41:14,Th,73bb5057205fe3e23d37dd61d0053e7055e3f4deba58d257ddd88090b6cf44fe,d5eaaff43571cf1d6344c56a4fc5c6afeede803056887ed24bbcbdd04053022b,53,2,53,3,train
20131207084214Th,train,2013-12-07 08:42:14,Th,d029407fc930f2b5d770ca0f0750d0e90a6e3046d75167920286aafe64858309,5ee55680718039e8627e8e2ede9c4c5fddd336116e5772277739c6129ecd6287,53,1,53,3,train
20131224192154Bh,train,2013-12-24 19:21:54,Bh,aa16a4cde472de83e856a2c55e8d0ab8644ec1622a4f792e086b46265f5b1185,15d47a4bf7a2be50e9c36031ee5317b2bcca7f37a9ec90bae9d4341d7c8b4db1,53,1,53,3,train
20131225065154Uh,train,2013-12-25 06:51:54,Uh,ca3d70b35e7836e09f43a7223cb9391cb563eda0acf2f034695e648ec05533ee,56ba198a4b3a82d287ccd880d19f9aa23b9f8d4dcde4ecc34153a8c371b64eaa,53,3,53,3,train
20131229112414Th,train,2013-12-29 11:24:14,Th,a6d3ae16f827ccd1fb38d289c8bc598304f0ef553582cb39f58bd0167b0320c8,51d020f75b5d976e51534c1196348a2eaa6c319fd4e7d75365c02f8268076e04,54,3,54,0,train
20140111224134Lh,train,2014-01-11 22:41:34,Lh,58e1c115f62f4bc356b8981d33defbc023d77377df4d1f62b956dfe28cb9ce94,ecbb83b88d8922c58cab9dab2d50cfc6a037e7ac01de9a77550ee445640a5200,54,1,54,0,train
20140112180134Ch,train,2014-01-12 18:01:34,Ch,dee1274cae65f579c0502bd32221649d22e849e9175bb73479d1dbb017d6dbec,cd2e92c4ae0f90093df02ae7a52555e83e9628422b3c4a42bd4d1fd9ebc97f9c,54,2,54,0,train
20140116180214Mh,train,2014-01-16 18:02:14,Mh,41f5f0929ae4c76ed1ecf6965b8af197425101a1ccf162400c0e1be5735a3b57,31655eeceb054c064e9911b2d49275b25efc7e7af92fea84bff54e2bf8d30b82,54,1,54,0,train
20140122180214Mh,train,2014-01-22 18:02:14,Mh,f83f6839159cfae0adab3e799271ed2ef9bd55be2d4cdca0c3673a15e55ef6ae,930b8755392e28354a7f93f2d95769d3aa8b3e146d99f8be3a4a8a3c37b9e0e9,54,1,54,0,train
20140127180134Ch,train,2014-01-27 18:01:34,Ch,93780055616fc89c2b5c7f9616200f836fe2deb5fa86cbad444b692f1c463fb8,88dc66cbfbd48c497d2fb62f3d85ab21952e7d896f910f456b2ae968be44acb9,55,2,55,1,train
20140128174554Bh,train,2014-01-28 17:45:54,Bh,c168b1a74b82aaf6869a5d24aebe69b5fd1319446daff9810434c98ec98f0b1b,d3fca9ca3c8aab116f54aebd5a1a1613d1246544b77e0a5d20f444dc13495c0d,55,1,55,1,train
20140205180154Bh,train,2014-02-05 18:01:54,Bh,863c5bdb834bbf03e237c1d5de03565a664e33206d9e7a4d6e550f8c2551f8dc,341b454cba8e7aa72b62ac254917c6760319cdc25c2a55f072008761466b6c06,55,3,55,1,train
20140210180154Bh,train,2014-02-10 18:01:54,Bh,c170d440ea1641933d15c3388491e055d6d968a7104680b024897e15529c2eba,f7551dde1c62399ebaa87b3bdaae37538dd036301d9737cf90c5823b0d539602,55,3,55,1,train
20140212024554Uh,train,2014-02-12 02:45:54,Uh,bf63e115418c44479e7f4659dd65fdf64cc9e2173440adeda52b79015d048105,27cbb25215c84f9a7c863a1065ee58de37d862440c74d8476623ca13614d6640,55,2,55,1,train
20140213024554Uh,train,2014-02-13 02:45:54,Uh,3bb8de2ef56067c19a8a7342d3a99a9919c4690cffc6c8e778bc0170dff822c9,da85b52a8828d590fcd728335edbc448a3e8179665245b459e462704a619ccf7,55,1,55,1,train
20140216230134Lh,train,2014-02-16 23:01:34,Lh,628dec283e71085d28aff5cd2efd06f7de4192648c907478f22787931df28f60,1b4458a8348e9bed8f453ba9daf17ad3ae9816e2b4191ff336ebaaddde553a45,55,3,55,1,train
20140218230234Lh,train,2014-02-18 23:02:34,Lh,5db03693527bfc7448a40839b746a4656b110c87e96c70605aee0122df28f729,6c34561990de7f5aacd7ae1fc4d6751ffddf26e085971b67117f68f18e0de9c4,55,2,55,1,train
20140225163314Th,train,2014-02-25 16:33:14,Th,0a74fc96dffec31230a2f1a6d5e42ef053289e3c69e7a8842f9cbd590eaa23c6,4c5f342559afdad636eeb77f2c155244f3469bd7b35fffa142538d912df596e6,56,2,56,2,train
20140312025454Uh,train,2014-03-12 02:54:54,Uh,1d853a6e7a5cef7419d820a30b8a43d760049f6c491cf978a33c0b7a3a1037aa,34b3a1b2c6c9e9b4ac29c3ec895d94965a9f1201c35702b9af2e82ba0f3cfee8,56,1,56,2,train
20140312081114Th,train,2014-03-12 08:11:14,Th,92b9ed3bf99f559e18e687a453b20e8c6c3d912a1471682ced017ba9c375268d,7b033d9a7a9d68b184526c7fab49d7a7b76c3bee83d6b874ecdf39f3f817335d,56,2,56,2,train
20140321195814Mh,train,2014-03-21 19:58:14,Mh,1fe93e2d611111ea9b1c7e4f0e964a4ec6018f7f1fd59dc044923190026de1af,da7c95e1b70fab686958920d05ac8ed02902692fc0465d5f8e8acd729a8fd654,57,2,57,1,train
20140323020654Uh,train,2014-03-23 02:06:54,Uh,13b3c16e1e45c2939bc7a444bdacc205a4b972f205830cfe77e41c52e6dd346f,3ec1e8a1eefa26fc09c5e4fc3c2a1892e40a1fcd9bb87db5c451103cc9797f9a,57,1,57,1,train
20140401014754Uh,train,2014-04-01 01:47:54,Uh,c816fdbb8091284052705dc56e977ab87ef612815835b441518a905fe7588dde,f82574450e69fb15d1c585fe38243400625a749c36c03bc1ebbec1bacd76918b,57,2,57,1,train
20140406195854Bh,train,2014-04-06 19:58:54,Bh,df982bf7988dbbaac20de631d799c9ed8a735d9e5b1033f9dfdabaf48a762ff9,a13f21211f5f05a605deeafbd41ed76cb4bfe0f875ee2615efa8a6a0e661bccc,57,3,57,1,train
20140409081614Th,train,2014-04-09 08:16:14,Th,85c4da95608347a2ae1a316723320742508cd78c54ca76b92d3b10dc643c9e3f,89fca392f30c3cd4507d447f2b58698ae7e592c7d4089d039a1eb7e08e44ed68,57,1,57,1,train
20140411013854Uh,train,2014-04-11 01:38:54,Uh,57c02e565d4ca390d630deec1c228d9e4ad2352dca5a604628b1e1389b5254f9,231bae9966102f5ce08921c4a9d885277fb81808c8ff65d07b49898f087843b7,57,1,57,1,train
20140413195914Mh,train,2014-04-13 19:59:14,Mh,a3f1cfacc8607188c91a9a2e2acfe70d1f6259b225a4b1c7b29fb096cd6a93d5,e615cab0bedd5d7a74938286439ffd585a6687bbdbbaa0c7e3a7918c7552e9ff,57,2,57,1,train
20140414020354Uh,train,2014-04-14 02:03:54,Uh,e728e846685e88e0dd1b1f1b95b24fea1ed5a2b7314d647559b73efad2101f7d,c1f792167b877e404fc0f67f95061ba01ec963cd3d1495c94c6a55f902fce733,57,2,57,1,train
20140414195834Ch,train,2014-04-14 19:58:34,Ch,c7a61891ebbc7329dc76505b425d590ae27dba0db4b4f3058a2f3856ebcc940f,92daf50aa384aceb533937fec59785575883b247d73f82cbeb167cbd97555f1b,57,3,57,1,train
20140420085614Th,train,2014-04-20 08:56:14,Th,bde4429da6e9bcf80d4aafea04498117338ff0b4cadfe18252019714cee90b8d,8f53e696de9f44c2c1a67ddafba29e79b6ab10c91ef526ae9b688410ce230b02,58,1,58,0,train
20140428233234Lh,train,2014-04-28 23:32:34,Lh,363fc6863acfe5b1c73fde7b968e3ce675dda03f60894e2535a06a621efb921b,dc1bba93eaeb2a9f9db232dac777ff7dd762b3edcd2b7c2d7c2a6e3dd369e32d,58,1,58,0,train
20140430071914Th,train,2014-04-30 07:19:14,Th,89066d73fdc076f9605edb852804961ebe8f1e459ba225bfb74278c1cb440c43,c506daefa9065b6e3fdfdda12c2df696cdb30ee6d4c9ef14ec0ca4cf62d098a5,58,1,58,0,train
20140501195814Mh,train,2014-05-01 19:58:14,Mh,83990f6b1e55afff77732ac77cec0bdb2073b80ab01f020b104162ab101dfb31,c8d69ea5b73b8631bb9e67723b9a7403cb81df752fec208f9199c8828363bf25,58,1,58,0,train
20140508195834Ch,train,2014-05-08 19:58:34,Ch,a4993c45b6a72ab22d3d40c5a393d065a581ffb3ac1bda5ffc8e5194030fb2e2,2eb865725f5147b00533844bbb9b2a4f9a8f2cbc966f1aeebc63972e4e6c55f2,58,2,58,0,train
20140509071314Th,train,2014-05-09 07:13:14,Th,4e91ee1172a2c49ef6d009cba8bbfc511cf43080636d2dc49011e4226f5fcf0c,7d3f8e62be89b2c497f92d4c3047ccbea0ab8ce508991a01e0091be4293a172b,58,3,58,0,train
20140509195814Mh,train,2014-05-09 19:58:14,Mh,a9ddb01d8cf297072f2767ad79879607442023a24d1521eb6a3c0418cb9070de,50f9fcd76720c0c43db73dd2fef6f0d96dda0a76f4ae9befde38e1706aad1320,58,3,58,0,train
20140513012554Uh,train,2014-05-13 01:25:54,Uh,938a8f995df6fd7dbe687ad2d2c9eba325d2913d3b8e69c8ae599f6f8a1a5c52,2898deade790cdf7f7471b4951e75d511ca22243d1cb8e795dca0e809ccf767e,59,2,59,0,train
20140522070614Th,train,2014-05-22 07:06:14,Th,870cdf3fa728de21da6e2b5565bdd33606592fe118a0751ae9aab779ce6522d0,a52586324cdc4af386c226257f3a07a7cfb6f16fc1a48a416185fa0a830a8e59,59,1,59,0,train
20140523195814Mh,train,2014-05-23 19:58:14,Mh,3914c1521f8b55dc7e2c975687bdf3db52505819558a4482590ff04150657423,82ef33bf0386b2958fd291c61676fddc3a4e840146529a64e5a4d1176bff04d0,59,1,59,0,train
20140525070514Th,train,2014-05-25 07:05:14,Th,249dfeeb27d882e3586045647c9d071fc7882dd3775e29ed213c0632592f2352,a8e885f9ed8e46cc2957d66b94257c4e4c2be9ade5f724305b68af037333c0d5,59,1,59,0,train
20140531195834Ch,train,2014-05-31 19:58:34,Ch,dd910ce1d2aa80c9556141cdbc692ceac361ced945d39aa6dad46326a286351c,10f8899801f3d5c3ed32654f957f5c65701c2199489c83f72f327c17c34ef667,59,2,59,0,train
20140601195814Mh,train,2014-06-01 19:58:14,Mh,f0e3d198d68d7adab234d9635b74dc1dc32fbe322c3594b3e442244b1e5f05fc,e1ccea9b426083b57803710295afa02326944a58a485544e376b6f22900706b7,59,1,59,0,train
20140603070414Th,train,2014-06-03 07:04:14,Th,3cf07c8342aad85b40be1591e2216018709bcafdfb6c4c44b5847d8d0c405b7f,1921a35eb64aa48ff22f048061dd0d07213dc7e80f1d1650a66beeb4adf7d1b5,59,1,59,0,train
20140604195854Bh,train,2014-06-04 19:58:54,Bh,1db8f6a235fe81d2e25afb019ef6b6ad547d689d3b985a81884f23ba1079cd72,b838d4af3a2f61ca9a273702cdd30a36aa988fbf7ffac2bc36963ac57ff385ad,59,3,59,0,train
20140605195854Bh,train,2014-06-05 19:58:54,Bh,c0fbaabdd2d42b49dbbd3aaede5ec92b1720e10a260e3424c98ba7cd77ad6109,a108a4328fe8ef627def045e7dfe2b149a3ee42875fb6aae682e242d38f75db9,59,2,59,0,train
20140607112354Uh,train,2014-06-07 11:23:54,Uh,18ea20c405bef845c43631c723ea7c430404e5497b2af6d9b04bce9123e1aee0,3bc836ef2c183d8e6bf4218ab66cddd65c9f6447382bfb039d87adbf880a0aa3,59,1,59,0,train
20140607195854Bh,train,2014-06-07 19:58:54,Bh,70a7300e081b5d4431f1718527013d24f8c3955b28e1feffe986e821635b480b,21f13abf23128a7cacc12fa360e8182ec73b1ba0441da607cf52907ceaa116e7,59,1,59,0,train
20140609195854Bh,train,2014-06-09 19:58:54,Bh,e26054c022787cc9524c07a04ce277dde56460e0639f91f93440e33bab3b40f7,9941c58dd0db26a01c7b6c049d64cc6c9ac07c9ce72a34f59fb6022e728bb8cf,60,1,60,3,train
20140615195814Mh,train,2014-06-15 19:58:14,Mh,9111a1e87a9e2768c2ac36ab9da1766e919fdef191a56656ce8977f526e0938f,b7507aaf1b368f1364329edc69063c00a53d2077e7f226617220a3656da0f122,60,1,60,3,train
20140615195854Bh,train,2014-06-15 19:58:54,Bh,afec7a8898500f38abb6fd9722b11cb6ba05e6f654ab6fc178aa17bd6ddd0e7a,c8fd96bda8eb15e32bf8fdb94497b85a2bf281112df887d199ba06143fb12636,60,1,60,3,train
20140701195814Mh,train,2014-07-01 19:58:14,Mh,9880bbe06b32725a719c85022fa41195c6d9e868c400bef27aa883232e4cb4f3,4677c67fff75b943f5601e8e84408858b3519479967413254eed95d44201eacb,60,1,60,3,train
20140705035754Uh,train,2014-07-05 03:57:54,Uh,ba8668cfb217ee626a5512f71b2407c3dcbc38a7031ed5a266ff7e4c5dd5eff1,24d1f3a7acc8d4874ea6c28c429232a6fb6bbeccb12a85f65c4e6a640dad7ca3,60,1,60,3,train
20140709195814Mh,train,2014-07-09 19:58:14,Mh,f7ef551b096070cdb76bf83362c9921f7e57254a2b6a40e542b290ce5286a3f1,00eb4d73a8693c591dc916c735959852d0f688bab6900a79bd7c275f2e8d2227,61,1,61,4,train
20140710083214Th,train,2014-07-10 08:32:14,Th,c551d14f0f010b45d2e1d490ed43809aa79d01b176bd3298a748c20fb16c2abe,ad190b27aff8cd8d0b22ffdf78d6595570cd74cd8d2e30cba8231390e299eee8,61,3,61,4,train
20140712195854Bh,train,2014-07-12 19:58:54,Bh,55f66da654312bcd0866102ad34fa06631bd2bf60dc601495fa4f6f200e969a0,77d2681120a93f8ba9bc09a9afb48337394f2e2856c9d224958c08d9e1800162,61,1,61,4,train
20140716195854Bh,train,2014-07-16 19:58:54,Bh,7e6afbd719d8de3c0cc781b8985517891846d67c2bfa3c349c45072dbd759bc8,dabcdc35d2c447931cc6a3bc684f4f26bd54b4efbc44d7f6f8be35c0c5447bf6,61,1,61,4,train
20140719071414Th,train,2014-07-19 07:14:14,Th,1e12f537f3e8157dd9dfa86fdd9618f9824c4c6bd306b2f1bbbe4aa3f32346f1,d0a24b11ad194e34101c16cd0038a112e733cbca0a851f15f891f4b51c333b1c,61,1,61,4,train
20140720195834Ch,train,2014-07-20 19:58:34,Ch,cbee2731a21cb732bdac5462952a88564cf0e644fee9cdffb44b186b6183db5e,3262bbeeac86fe78b8264262565543f285ed81069c4b89cf494d57ef4fe1e9d4,61,1,61,4,train
20140723071614Th,train,2014-07-23 07:16:14,Th,fa335c63f5bb529c101f8f8acc710ac1aa5e5ec70aba7c23c49dd2fc9f72aee6,cb0bc42fab21e04dc457c0f8f5074eac30d308f1cd1f458840928550000b34b3,61,1,61,4,train
20140725195814Mh,train,2014-07-25 19:58:14,Mh,82511a920760cf2f8791c4366c85f37d76eb5a3934dda5d2986a24d1c923c53b,fecfb53549ad7dfe8a7f0b9703e677e44e2d6d202b03bb22a32bd91fc7770cd2,61,1,61,4,train
20140726071814Th,train,2014-07-26 07:18:14,Th,10f80d2caa44d2d98e9ca5e89162e23028739453c6e863cd2949e5f8f5bb3472,0f69a647f284b8743c6a5457ed0487c924d0115bf999f0678810df22cd28d2a3,61,1,61,4,train
20140802072114Th,train,2014-08-02 07:21:14,Th,0d8545f2be82fa767b6bd8c7dd0d5fc75f96cdf7bcf28084417e0400b939c157,3357df80d3a04f36ab55afcb6d7220e69dc617627aa59407f335ce24d4f6d64f,62,1,62,3,train
20140803234534Lh,train,2014-08-03 23:45:34,Lh,b2ad7fb00740d0811570348e1c0147f0c0e8b5e4cbfb891e257a0ff0c4aa83c9,25d8a35df4239f1274f2c1ed6b1c1e1ef445b1fd602acb0dbe86ddb76a1a5e14,62,1,62,3,train
20140806195834Ch,train,2014-08-06 19:58:34,Ch,d72fa9f62ddf4222615c567dadd8972c07a245eccae968eb3472235722d1644e,24c5fc29b202101d7d3b343cbde728d788fff8c239585d96a7cdd847187f6529,62,2,62,3,train
20140807195854Bh,train,2014-08-07 19:58:54,Bh,996811ba06aee6e303188960244ee09f64450793d8f69799cb1902548387c6de,e348537c7fc7689e9b4079e0cbeec6293069abef18c42ae4e6b7f566b1b556d8,62,2,62,3,train
20140813064254Uh,train,2014-08-13 06:42:54,Uh,3d53011a08ae38073898cdd046b6b08cc85f1a9596b4e841f4742b6cc2c9d353,4f66382779925dae9964646d7ea528fd272c696c4945deffe9bee49be7154036,62,2,62,3,train
20140814195854Bh,train,2014-08-14 19:58:54,Bh,45f947d1e3433ea4209a067d6573b7e7a53a2a4a4b50503b1c1ad5951f0b6b62,0d27b121655a5af00d94cd420a156ad9e49f49ad34805fe65f73f2d726fdc064,62,1,62,3,train
20140816072814Th,train,2014-08-16 07:28:14,Th,c5da293e004150df942168a9215feffd63b9e00e555dc92418bb7eecc30bb76c,9ba61f352e0b5cdde494c6aabddf7660fe6690d60a0437a115f6b4cdfdb5e321,62,1,62,3,train
20140817195834Ch,train,2014-08-17 19:58:34,Ch,75ae9c2e3a9e833508f9396204a5c496636f33d93ba131ac3a0a28afe81030d2,dee9deb30ca764269f8f02fa24c549f7b249d6a0f6d74ca3da293555499a78dd,62,1,62,3,train
20140818195814Mh,train,2014-08-18 19:58:14,Mh,0b16417c5099268e654cda3992f2aacaf802979d295596159b3825cc85f825e3,754d12688a7829e93ac2d8ce40cfb47ccec85c825aa846a209b217a16d92bddc,62,1,62,3,train
20140821195834Ch,train,2014-08-21 19:58:34,Ch,71d70f20464b19a4b175accfcae0ef93ea5d50f48dddcb6ef0966f78e6b00dab,9667c1d3a99de13b1d8e639dbfd732b2a0d84600b85c8588819ea159dc6f9c02,62,1,62,3,train
20140903073614Th,train,2014-09-03 07:36:14,Th,5858add0aa1843391b730f05b59303540768b29c01c1660b74547398e2bd8999,d3e13be56c497800bb08d1e24f53da1feeceaf6898b3a0420a74ae8f95c55a95,63,1,63,1,train
20140904195814Mh,train,2014-09-04 19:58:14,Mh,083cf445483c6f549da3b6d876fd98aebdafb733b40dfa6b7d6647f5f8cf59a8,177c657e0dcad028c6825fef7ccf39c2f4763d085743851ba27bf6359ad64fb9,63,1,63,1,train
20140908175354Bh,train,2014-09-08 17:53:54,Bh,3cd41dc60f05f5c69b84fa0b6933f3c6a039ce943233dd4642ecbd0db9e48498,71dd9990710a84ab82356bfd0360e39d9b224ee092f77df4fdf7e2943e2cf3c3,63,1,63,1,train
20140908231334Lh,train,2014-09-08 23:13:34,Lh,db1fe2c415d81e580f2ab81339439063c1649d0779a88d699a78bc27d766747a,b4bdd5245f428839721d7b614bc766fab7c8a2877ecbcc3be20c797a0ef8d577,63,1,63,1,train
20140918195854Bh,train,2014-09-18 19:58:54,Bh,fa89929ba97569157d69be58ef1d16ff5cee2bd2391fcfba2db25171901e8a4b,df78a8ef29c85bfdbbabc6701cd307f4d47918759b44691fd8311b20d421b3d2,63,1,63,1,train
20140921195854Bh,train,2014-09-21 19:58:54,Bh,6c33e7becb97e1bec880e1e8c655678d670fef9fb63ca97b140abc57c10f7102,c3b4fdbdd1317339d3d43596a946688af9666caab9c85ba941217a5aa013c40d,63,1,63,1,train
20140922195854Bh,train,2014-09-22 19:58:54,Bh,34c9815e5bd5e83a42dc983c9614034e40514d4430a6ce32e402fa7aad9c35a3,85906855bc0aa8332094ef65dae9f676c358759154a5b2a366331785aa8e5951,63,1,63,1,train
20140927014554Uh,train,2014-09-27 01:45:54,Uh,1c768c04d9fddbc525b3ee7fb6e4ad675eaeac4262ea4e464c920da37390c97f,95ec797e32c3c0298356d04d089a9defce22f1aa47dff725a7def22024a94d44,64,1,64,4,train
20141001195834Ch,train,2014-10-01 19:58:34,Ch,c1de9e3a020bfcbbb7af5c891ea073c8d4d021b89f25c8093dd5b04bc7071db7,271d4ad49ec058768c8796d2a765007c2fb6bccd35748ca8874cc6949c16046d,64,1,64,4,train
20141004075414Th,train,2014-10-04 07:54:14,Th,1d9165c6578c14da36c8ac636a479e2c73ea52444db735dca1c4c6d1daca4edc,f85295cb9bd2bc283c1503bb5aa79e44b82829a29f2eea585a79daed38a2e843,64,2,64,4,train
20141006224634Lh,train,2014-10-06 22:46:34,Lh,e940d1925a84c9b4fa3e94622080d3fbda70801f3b5c79aaeaeea4df3abac534,6fee4d72541830e6e52a9b5a41f395018a6994d615ccb2c0ba314485263b79f4,64,3,64,4,train
20141007224934Lh,train,2014-10-07 22:49:34,Lh,a7d5e300d5e0e9f88b4f2bdf88c8c9cf66f7ee826f85c6754f686f5486a7faca,c04c11cd0a1ef3ef22a13ea32e2fa8dc133d4285612c41b164295cd195a423f0,64,1,64,4,train
20141009023454Uh,train,2014-10-09 02:34:54,Uh,5d0158acb24d8f31d6aadf29775dc8aa616557dc3cd808fe001b41e23883c65c,0f154366dea43421133d179f0397ad5fe064e38b3d96eb5d292d517eed4b39d5,64,1,64,4,train
20141010195834Ch,train,2014-10-10 19:58:34,Ch,50406f2efa160bfc86e344896f2ddc1004fe775bff2917503d908310cb4c7f20,49c038e9844184f3e3368dbf26f4b6978818e268cd7ff16696907395f4d2e2a9,64,1,64,4,train
20141012015654Uh,train,2014-10-12 01:56:54,Uh,8bcbfb3afd40df1398404295f66ee678dee93df6322f426144f7cf6403e49936,d83efc6e9d57b2235b04dd67fe27a1720d78f2ff56d23186f70e0423264bfd8a,64,3,64,4,train
20141012195854Bh,train,2014-10-12 19:58:54,Bh,c641bb04d935b93d477be06510d52aaedbd25ef696efee879f91d6e88fcb4994,46b77c151f50e5b82862d6c6dc0b2a3d3e1c7c316506a6e1c24e0f35b0358a69,64,1,64,4,train
20141013195834Ch,train,2014-10-13 19:58:34,Ch,ba1ffa532fb27170951de4ef3a5702ccb417521ddd3df9938e9b060f4e3619d9,3806515137897a5ae6f43526650c8525e86dcd5a5f1f17e6dd17cf23c0474ea0,64,2,64,4,train
20141013195854Bh,train,2014-10-13 19:58:54,Bh,69828186a4318145b47235be017ab67bd7cb3c82ee3027e5a3c46143f6913501,30e27dade3bdf9e1e9309aa7e085e018700a7c0dffff7ae0b1eeb2f6278613a8,64,1,64,4,train
20141016022554Uh,train,2014-10-16 02:25:54,Uh,074227076ff66601c944d0a6fb62cfdd4a8aaa05b91bb7c03fd1649daf40833d,e506d87716ae87aa19fa0e0e0601e75ce8f79295686972c7464976f18cbc451d,64,3,64,4,train
20141016195834Ch,train,2014-10-16 19:58:34,Ch,2d3f491ffcd749656e7b2c164481d7b19fa06e2b072feea7c6c2212fc26e9c7e,3a028b1790a2fb8a1f41d1390a010b5a92eb331d21702eddc942a440cd4453b7,64,3,64,4,train
20141022223334Lh,train,2014-10-22 22:33:34,Lh,b15b13089b6aa3b95c1353c69c1c3c6cf5c38c106e6f4da75c2c81ce9fdb0304,8c8db1c2026fac2bfdd2d47223c52f388e463e9332d377641c9eb1ba14e7f036,65,1,65,0,train
20141024195834Ch,train,2014-10-24 19:58:34,Ch,13184c45ba4832043f42cf1c885f487a1369d84338efaf6df59cb65a99f9bd95,505c7a48cd706daedf78770409ba18ac88102342befc10921f40b2f36a6d5088,65,1,65,0,train
20141025031154Uh,train,2014-10-25 03:11:54,Uh,c38b6487479678fc17570541417f5ab3632561b08960157ad0cb01d3f6a29dc1,bd1fd235b1635df23d9a4346312831ab1830c7cba117fb8422178b8e5b507ed2,65,1,65,0,train
20141026024454Uh,train,2014-10-26 02:44:54,Uh,0402cbe1042b01c41267158abbed602a7913945d26651b5dddc76c29bbcd85f7,784da2bf22089df0db525b3f10da2bcc330d4739a6d95c97b9befeecc9bd2b5f,65,1,65,0,train
20141027025054Uh,train,2014-10-27 02:50:54,Uh,c1c4a090f0aec8e3fa7c62b9af65630be5b81686f94658affc8c100cc97200dd,4cbe3d2b8ad4492bfe66e701f2e2760b17cfbcbca706ffd91dee1523853d58d2,65,2,65,0,train
20141027224834Lh,train,2014-10-27 22:48:34,Lh,698d70b93a78391e3be165c6c509bc07de1d8d7e24937946e2dcd4adc4a9b99e,119eba1648b8f691d9eff3cf62c691e85bbf4d7b3171a1798812804774ebe457,65,2,65,0,train
20141105195814Mh,train,2014-11-05 19:58:14,Mh,3b626f823f70daf5d7b4d9473adbc5b4df74aabd324e4f820dc9a13a6d813f9a,677e834d9f71f8ea3e164378edc4b054b922d93fe06288fe4c266d4b8d8c6d33,65,2,65,0,train
20141106195854Bh,train,2014-11-06 19:58:54,Bh,2cdf44b7ac572bff255d73fd838730220d18509d2eef5dd49516c47309dc704b,d8eca6e4749d0d814eb4d02f6a820d8091a5bcb1584c090f7eccd85f15b8eebf,65,3,65,0,train
20141112195854Bh,train,2014-11-12 19:58:54,Bh,8a087cd8ea453d10615a5e28dadea5fbdf6942e50ef477564102c24da697893c,09c17b60ebd8e6ec291c492d8ff1f60e5cb5b38995874f01bde11e7056cc166c,65,3,65,0,train
20141116222234Lh,train,2014-11-16 22:22:34,Lh,31c25ef337f798cab9ffc855df66c8a9080ec4d6297a80c0c235bbc385c6746c,ee89e5513c21877fefacb31a7ebb8f8da6ed389900514d3c1d5edd5d27db9d10,65,1,65,0,train
20141129222134Lh,train,2014-11-29 22:21:34,Lh,ecc72eec6050ca3e0dd2ae6c025e955bffbc026af90509c368a26e19f4e4aca8,fb9ce51bb5158f377adaa7217344c7f4f9dc43c4f589b900d2c13a96bb0a1a3c,66,2,66,0,train
20141210201814Mh,train,2014-12-10 20:18:14,Mh,0d7f47f14a292dbb3cb40569ea83e746d58a294c4f24de2f9f2066c719ccfd7b,6e8d3f26962d2201ec38c6dc7ec96599b4a28820e440e898de2900f55263233d,66,2,66,0,train
20141214201834Ch,train,2014-12-14 20:18:34,Ch,e9aae274cf6f34eec92a340fc1a5b88c8a1769429ee3a5931e738b61054abe38,7f98317c1cb714b0aa9d28efe85a4ba641e1a53c6de15e2d389156ab593a07df,66,3,66,0,train
20141216222634Lh,train,2014-12-16 22:26:34,Lh,0d82c497b2179e8daac4a7792aba0ae27dbeef8e72eab3e3b5caf24c2960f04a,9136f61de6d9a0eef2e0aff217696784e541ba3762f65074466e6880b06839ff,67,3,67,4,train
20141225024354Uh,train,2014-12-25 02:43:54,Uh,4d9fbd3ceafdee33c32bb2de77ca36283995c825007adf3eba22826c654d7deb,b4184273fdc0670002f9337f4bcd87b0eb7104e4877083e53eb5fcfc148475a8,67,2,67,4,train
20141225172214Mh,train,2014-12-25 17:22:14,Mh,b1fed4e4078d59f905221a7e63e113e0e943f98f40a6303c673f433a643cab26,e56807dd4fec472f5d08eddaef42e8251a78f7de932f96762df21a16cbbca949,67,1,67,4,train
20150112081954Uh,train,2015-01-12 08:19:54,Uh,272b0ab009a85ca4dab92446b740da10e18c69c94cf4e9ee0888187357dad8b8,7ada8277ad53aa378998789f2a446d1af765c1ee3ea156fdcb3f330072c270e3,68,3,68,3,train
20150113105034Ch,train,2015-01-13 10:50:34,Ch,4ee4de9c3abc7ed3e9eea15b1921a7c951472420ff2426a21d419a11ec1088f5,87362f2bd41067aa8f2d17eac8b006ff345b8a877a347a1abae59ae957c4111d,68,3,68,3,train
20150113155654Bh,train,2015-01-13 15:56:54,Bh,41402e0bb8946b9bddbdc4494f3f9d5b61693e52091b9ffca51215584853cba4,44d369f6b8ad6d348cd01149360af599f09bfc26f8a7f3fcc1f851d8a088c6d0,68,1,68,3,train
20150116082034Lh,train,2015-01-16 08:20:34,Lh,08793d9d88384562200c397cb8150f7ab1ed70d6c0b19c6a8c79d04531e93fe8,d9872cbf98aeeda486e9f895d3836b1a93a1f3086ad13f358351ac6826e1f897,68,3,68,3,train
20150119082034Lh,train,2015-01-19 08:20:34,Lh,f7790404828f950e89ef20f2959b9fb2011bb56734f5040582b4e6e42c5d0490,ce12d9293ef86612ce275d5eb0f36cae06cf9323d1067f49e6de8be0e73feec9,68,1,68,3,train
20150125172714Mh,train,2015-01-25 17:27:14,Mh,61351c96ab1f3da526d42feb185f78a8e5861e5618a88034118cfea97f22f8a3,3ae031166a8041c064ff85683dfb960cbb8aea520745f96eb6541723b8b48784,68,3,68,3,train
20150130084914Th,train,2015-01-30 08:49:14,Th,ef7e4a579300ba6bea9b094875c16a7d129f5a52af9cc41d47155e306738ce23,f90595c2a633c7219764bbb77aa5cc06158e7d117a4a3291d007d466382f8579,68,1,68,3,train
20150203084714Th,train,2015-02-03 08:47:14,Th,10c17ecf5309f70426ab5357359c6555921c8de9381993e30d4e1a1f88d4470c,c98d73717027b0eee1dafa020940a42890ea4f05ecca8ad6f48cda19c166d388,68,1,68,3,train
20150207084414Th,train,2015-02-07 08:44:14,Th,0c3a6e3bd6516b3eb37f658af7ba18207f4d15238bb3ec1b21b884a132cc8340,7b2146288a9f69b70d1e93f648c75a3c1ee08a4bf575bf37afeebca746cd3cf2,69,1,69,0,train
20150216171714Mh,train,2015-02-16 17:17:14,Mh,85d71427d06d3410796d22481ec91303f67b2cb7e2e82de54be99ec33e14d959,39dcafbe88968c821a87687035850eaca77c501295deade0bed39efacf271e5e,69,3,69,0,train
20150221155154Bh,train,2015-02-21 15:51:54,Bh,8960ff6b5d29efadf301eaf2688c631a5cf1d777757b8b8ea177d9b7a8c25cd0,f6971dcfe1238e16db97473c294202e92040fb04afc0fe1f12862aca7886db22,69,3,69,0,train
20150222090014Th,train,2015-02-22 09:00:14,Th,b34244770f9e2a24005882285a7e22055784e764e6e4139a7f00d965667d2693,00508d1a30bd0e96dc92349e11178aa15fecaa60ecf7210171fc6539ef6147ae,69,1,69,0,train
20150222112034Ch,train,2015-02-22 11:20:34,Ch,efb7e708085110012b11070cbc84b0b567171c8bee58b6a81f7918da8cf492e1,252f41491c59bf7466876df287bd8f0b9529a7244e075740e26821f49d7494a7,69,1,69,0,train
20150225171114Mh,train,2015-02-25 17:11:14,Mh,26fbbf3d522423e0d9cbafd7352e2564acc63306ca3ee568fb296a1fef983e76,dc154e4f67925e7b6f75be7329a148cb9b1da28213d82c80b216eebdc27c296d,69,1,69,0,train
20150228082414Th,train,2015-02-28 08:24:14,Th,31d197c49e4de71c4f3368d96c24d2028e411fe571e01ad04fa0471ed031026c,6c746fd6e3c0166b00396fc42b135c8766378c20f3ebdbce44fd23c1277f0ccb,69,3,69,0,train
20150302082034Lh,train,2015-03-02 08:20:34,Lh,9304d53a3237d77f8dd3a6b8a62928ff3a229c85f05250bbaacce84e9074adf7,fed311ffcf7e5b4a1c257e774ebe0d5265ef86f2f53028a5e9000eb4bde78d59,69,1,69,0,train
20150305081954Uh,train,2015-03-05 08:19:54,Uh,0cb7bbc507bbc2b87246175015ee3b1de1225462a6b26159d1a257f400aae985,93842abe4ac422df513c5544bee7272f908aacd15f5df08d63c618608b393f04,69,1,69,0,train
20150308081954Uh,train,2015-03-08 08:19:54,Uh,529fd8bc50dcce892e3ce7db457340c43872ad3c00288092d53c14807e24a120,eef5edce22fae88c57af81e56d15001e6152ac62a2e1d15db921cc1677fabf1c,70,3,70,2,train
20150314081954Uh,train,2015-03-14 08:19:54,Uh,2b11e2d9e461c4cdbd1716bd51eee3db233513cf20b72763d1b767e9da09a291,36a81e0114b5c81d9002d642951440b9fd5782b457fe2d349d3d12494c7fafea,70,1,70,2,train
20150315082034Lh,train,2015-03-15 08:20:34,Lh,a1341bc98f12b8d8308ad3e3930eb46732307eb82fa4e834c36392f4af3becc7,4f304e9d98fe1ac5a13231e64ad8884d2646ac25b502eb673027ae1c5c943b72,70,1,70,2,train
20150323172814Mh,train,2015-03-23 17:28:14,Mh,e15c972248af2dcfe5c6ecf82e9d776418d79711547cbba3ed3d1453abf5c4f1,e08b7cdb274a003364a47d39af48b64396b9d5e0f58dde5a9c56e80c61e4ad58,70,1,70,2,train
20150324145954Bh,train,2015-03-24 14:59:54,Bh,cc92eb734ff82d496cb51dfdd1c0d62ef4453df8adbdda20c9edb5ac3ad3af84,144b78e842730e489886ff4b6363465f00696ac036d7b0b28c03d6326bdfbc73,70,1,70,2,train
20150325015554Uh,train,2015-03-25 01:55:54,Uh,b86e1a45e45a244662f7eafd288d2eba79bf1b15bb019e55e17734e23d4c2ecc,040970fe816d4e12cf6b2706ddda458abba0752cdd05b7097d4ffac95e172438,70,3,70,2,train
20150327145114Th,train,2015-03-27 14:51:14,Th,067fc3222cc255a426c6481fc15b727058253fb9cd5b8785ae73598e3a5070e1,a261311e4a97830c1045ec118b91bb2182af0171f88a32c6cb19a96327e7ac72,70,1,70,2,train
20150330081954Uh,train,2015-03-30 08:19:54,Uh,1d48c9528304d2569828582536ab1a068d9cfd0a1b77210131eb84bd6925f0bc,4b8a9ef13599a407fe28fce0597b8700410f1fc9c9603538d0edbc97290bd9c5,70,2,70,2,train
20150409081954Uh,train,2015-04-09 08:19:54,Uh,418d35d359dd4efa45373f14cecc7efa591d647d8f678df1718ce19e3e3b9981,9ba702792747a4947af2b1a973ff1beae5d40a2cf7e877dc3e4fdc01993525cc,71,1,71,2,train
20150417082314Th,train,2015-04-17 08:23:14,Th,1d161ad50d1d60268cda7ee3be93d951d3739f6ef97b41d1f4fed8d8ebbdd5c1,6c8a01b7a2fbbabf26ad8c5615ce8cf7f6ca5e72dfb3605de744c0a2398f174d,71,1,71,2,train
20150421140454Bh,train,2015-04-21 14:04:54,Bh,cc588694f15ea5c70dc01c959c58be3f3c16f2d33c0865d20f9a7baecdc95fe0,9dbc2d89e7bd4736ebe735a9310bf3a40870399ba9c4f088ef16666f22feaae5,71,3,71,2,train
20150423120034Ch,train,2015-04-23 12:00:34,Ch,c3783ce7640dcd0e1b519044a367c8bf93502d4a14e38dc9bf0d7f45802518f2,3296d24e9bc1ede22f591ae5bec52a7094321274ac710262d82d232bd358f088,71,3,71,2,train
20150427162314Mh,train,2015-04-27 16:23:14,Mh,20e83586524a3f244d8fdfed05234966eb02de6ab8424f3c37280071d96dd089,ada77f8c55a75d05b855f4ba2d3fa59931b668afcabebc23b6358877d6071661,71,3,71,2,train
20150501120634Ch,train,2015-05-01 12:06:34,Ch,f41486a75786c55adb9421f781264d0f3b6d536b660e45f005c9e151a9112628,2f39b8ded0d4e1ca87dff7c94783d43870024d956c8a398c0588a98acaa7909c,72,1,72,0,train
20150518145654Bh,train,2015-05-18 14:56:54,Bh,5606f56cf65571056e2501fd9890a33a06b614f8993ddb6809216e03ba627356,7499f148d9e3fef1ae79c484b669acb6deb96f7d58000e6dfb2cd2567c30b584,72,2,72,0,train
20150527082014Th,train,2015-05-27 08:20:14,Th,db5abf47253d558228cf3e5a84109e70a18370a3641469e41ca37b1799859226,794e3dae1358ea34655b7a813376f6d035125bbfe7410db2da57b1e4478de20f,73,1,73,3,train
20150527161214Mh,train,2015-05-27 16:12:14,Mh,265a3ca4722c39895d0b7de866356376c4c6867eb8dadb855b50a71b76245158,34638641b5de209df54399d22b8385b1c3564a0459671e8e566438cddebaee43,73,2,73,3,train
20150531082034Lh,train,2015-05-31 08:20:34,Lh,f73a8edd3422de2ac4d7fc4023564f050db653069cb58a9eb010bb216002cfda,985b25e008db49ee99c115137ca15f01394a273849daa1e94ffe75dcc5677e6a,73,2,73,3,train
20150610082014Th,train,2015-06-10 08:20:14,Th,3f80dedec3f6e897040df1340ae3f870a90b9cc6aad040cf30972b2fc259a04c,b1c8e32a0ee23cec261a38008a73fda2964c23f3c1ead5d3239d4613dba58365,73,2,73,3,train
20150614162514Mh,train,2015-06-14 16:25:14,Mh,b56248526072b05b79a36548888c7781e2bba9d9773bff6a348a11d5e368c3a2,d516e0325b92e691c8edb7c79ae5838709dabca94b000f3d15a924341203a451,73,3,73,3,train
20150615133554Bh,train,2015-06-15 13:35:54,Bh,2f1765dc134211cb172b1588610a0bfa8928ce2c0dc1839a45e30d7bfbfdfdbb,6fbf3b44087489f965cdaf42a151745ef3eed598c5f4c8e83cad70a3ea438b00,73,1,73,3,train
20150617161314Mh,train,2015-06-17 16:13:14,Mh,802515c7aadef046ac7bb716be8745b9b2facafbb603b8abd6fd1c9ba1b872d7,fb07ccd8e3ba24c12d3eac07aab70c27f80ee5d5d8096959619c54b36cc54bd7,73,2,73,3,train
20150620082014Th,train,2015-06-20 08:20:14,Th,eba4ba416dcbf5e8399609d09860263ffcb98e17eaeef2308f2651545bcb317c,5c2fb722ae90e63f42871dc04173d3ccc15135a7545bab0f464f6b43fa8f5440,73,1,73,3,train
20150621161314Mh,train,2015-06-21 16:13:14,Mh,f057f6313a92eb7e3c13f0f9348fc57cf8f69b399cdfdbedd821f8df22ceaef7,6aed61c04bdc201a845ee2ec2e698723228c14d8e4fd442e19741035c63ee952,73,1,73,3,train
20150625082014Th,train,2015-06-25 08:20:14,Th,fa9a500159b144c86b2b4b1165e4e8cb83b262c0f59c9a1425be9d0ce476dbfb,1e5a04b65d0563da281e22f797e952fbf07214cf56fdc09da2077461e187d60a,74,1,74,2,train
20150625082034Lh,train,2015-06-25 08:20:34,Lh,9b889c0bf0b2bda56252257dd851814198deca6312fd90cdcf9113e9f0e1e9a4,48707ba43765dc943629c9ddfc4517e11018155d2c1301470da1b9b78bc4f562,74,3,74,2,train
20150626161514Mh,train,2015-06-26 16:15:14,Mh,0563188c95529fdb841fc404e372e9f2f927052e0c9388501a838f6078163e77,023428ff936b037d228a17dcffae6da4bb9ca70db53f9b553e29b35593239210,74,2,74,2,train
20150627133754Bh,train,2015-06-27 13:37:54,Bh,ac407fa195a226a393ef6329f8b4b0983845a2c1de569295f4a4720f78aa0ae0,c08c582ea7ac768b87ec2dc73b20a6ceffa7def310c59f485b6061bfcbe00e73,74,1,74,2,train
20150629161614Mh,train,2015-06-29 16:16:14,Mh,e0ffe12101e2fa48603e41a45e72554e123ef8fd36c54e812f8b9500f0c9ec80,2bd158e05e6e09802e656c2217a4b04a3d889853af719ea85122e0cc7869f3e1,74,1,74,2,train
20150630083214Th,train,2015-06-30 08:32:14,Th,144d83aade04512b6462b07f5c2d7bba31a0dcfda7c2d58ba89b09cd268362a0,bb8d403813d09c611e6a56734ef41d77d343f23bdddc1c81706682194597c578,74,1,74,2,train
20150706083014Th,train,2015-07-06 08:30:14,Th,11e7c930da8035b1abbaa4a08ac0b4c33605be9efb3eecc8e450d192a9eb5636,a562e4a3726893f29b92feb604dbafb1e61dad1f89016d3f012a8fde5c0350c9,74,2,74,2,train
20150716162114Mh,train,2015-07-16 16:21:14,Mh,c215cb5d14ec68129cacc03ecfbdc6631c8982d083a2b1617f6a6aa3c56b835e,56dade574a7be74108c76618afbd185c06b2df855bfde70ff6429531eb11ab57,74,2,74,2,train
20150718082014Th,train,2015-07-18 08:20:14,Th,8fd1f6811ca496331e10875d61ccd6a2cba07b4da1c8437c776ea8766181e6fd,10cd2a02af15bb440360922df2d02a72c4d4698530d42dc76e7c7bd59fb10829,74,1,74,2,train
20150719182314Mh,train,2015-07-19 18:23:14,Mh,f69ebdf0014044ec4ad3e9ee935060b57c647ed889452d4434a16f0822c44486,2fc1de0b2209b31a125e83f52590b5d2cfc3d23e1994b4bd30f3dd4fdafa55fe,75,1,75,0,train
20150720082014Th,train,2015-07-20 08:20:14,Th,361dc0eab1e7e8984dfd5f7c4f4dec6acbae3e7dc4709e314ac37c76fdef8581,1f3c09bd3bb5b904eba131111d8bcb0afece6ea320c0a85c6f022215f82219b0,75,2,75,0,train
20150727082014Th,train,2015-07-27 08:20:14,Th,a514876bc4b3569e084a9302354078b18d5ab0132ab5340ff0cf4ce98d3d7797,1d669f87af44220d730b289e280ffe08884c614cd73b6f12c7746c9b292bd91e,75,2,75,0,train
20150731082034Lh,train,2015-07-31 08:20:34,Lh,aab0d623172acd898b47ca5b1db61b6d033bfe1f94d1c84ff20ecc9d13e9ca3c,75c60519656ca591cdd4183cea19936dd687ee851c0f925ff18a6062b2910d32,75,3,75,0,train
20150806082034Lh,train,2015-08-06 08:20:34,Lh,97aa65f1faa280052e2ce08ea689efd1f3a443efff98a6c986977a72c7f6c948,aded24aa4edf799d1cacb9912fc327b345121c39dd2d471e02de88aab04fd405,75,2,75,0,train
20150819082014Th,train,2015-08-19 08:20:14,Th,2053d3ea4121d45e4759ba06d560e8439396bddcaa3f6aa798842a412a9055fb,c8e266be3614ac7f0f61a3254774681590f037f10d6dcbc0a3baa286a50e7133,76,3,76,1,train
20150820152254Bh,train,2015-08-20 15:22:54,Bh,31e3ace3805d10955b34b16b5d1d5a91164f823ae81bcac4d86b4a8131c524ed,cfe06c059dfeca512020dd4364a30f3f3c8011d6ba53784d4f6ab66a0d766118,76,1,76,1,train
20150825082034Lh,train,2015-08-25 08:20:34,Lh,8dc17c77f584b07ce6cff75bb2f3e30ae35642cd48c7112813abfc4c320cd63a,0b395ebc02e528f64884db271f632da2a7ad6b6d14042c8c9adb74f7ad9c7b61,76,3,76,1,train
20150830084134Lh,train,2015-08-30 08:41:34,Lh,1cad488cf6f3cddbb0383eb7da2d4a1db044c248c2057e61a825e25ca4a99893,87fea75a93429bf15f63a4b71f75270f99c723a12d78f6a92f4912280716d581,76,1,76,1,train
20150913082014Th,train,2015-09-13 08:20:14,Th,82eb5317325c4a313b5b819fc68d5e3a54a4581204dd983ba1a2f66ecacfdef2,3dd3f422c6536bef0f03eed2f5633957177f976f85a14c3e55a465141de94d2a,77,1,77,3,train
20150916055454Uh,train,2015-09-16 05:54:54,Uh,5ba594b7c148956fc76d96b357dc5e6d93188063fd86158c657a6de552b41031,0a2815f294eb649708c7b4282098c5b4e85b21f4ecbabb48eb61603647250bd7,77,1,77,3,train
20150919165814Mh,train,2015-09-19 16:58:14,Mh,51b887829f68eca5ec9cfc99e921aa6ef2adf7ccbab51b7d4c2495b220941dfb,000de9dc135ee5e22b3bb249e555a4ba346c75182c59e73e7c67281783065b77,77,1,77,3,train
20150926111934Ch,train,2015-09-26 11:19:34,Ch,bf8886981ae60b6420d5146caf840b606f3d1ca24a42134498bee2d8c5ad34cb,3b027e78d61c7bf4a1713ff81e0857e9542e338025132fa835ec31368f7c3bd5,77,1,77,3,train
20150927111834Ch,train,2015-09-27 11:18:34,Ch,c3046373434559727234d9bb443a52b20f25063094fe952d7a0869b9e2aa97aa,f25a4a11848e8606d48d89d1883241edea4e31551495f42223bacec40982f026,77,3,77,3,train
20151011144554Bh,train,2015-10-11 14:45:54,Bh,969365bab628939ca4f640ff12a0cdb5f7614311c8c12fc6391772b28f048ac2,af90e8ef483807686f379768d8ecb74ee08409814519e2260ab986ae591cb997,78,1,78,2,train
20151013144654Bh,train,2015-10-13 14:46:54,Bh,22cfde43d6cc5aa247dc9bcd50b262ff2077678d200878a8227bea9dd7158243,3743157c9151e22752d7d6d45bebcaa2d51e962a3dc64b367fd36f5e11e9ffe6,78,1,78,2,train
20151019223534Lh,train,2015-10-19 22:35:34,Lh,a3ae63a824b3b3ebfba0f55cf8789aab9b1e36b9030440bb50b9c1ec43a2e050,b27bc8998e0474a6e209d995d5975e8d1b2b35d18603b8207e7f2f1c0dc04495,78,1,78,2,train
20151105133734Ch,train,2015-11-05 13:37:34,Ch,add9ca88be7b44bc2a2e039c91a49dcb34746a88cd3742bc5ca93d1e08b0023d,418e509dc7859ec502c7d00ec5e3daecca4ca347e7a382c5197f03c8a2254056,79,1,79,2,train
20151106171514Mh,train,2015-11-06 17:15:14,Mh,25315ecaeeb175d67882538e9eeae879f656ace960fe915e4ae8fde30b8b31a7,19878f2706c161c15df6608c48e5ab93a597e0020139a97ae35a704a8fb1e8df,79,1,79,2,train
20151107133734Ch,train,2015-11-07 13:37:34,Ch,74cfe900ca9b16b3a263316636d64d302fbe607d4f076c8a73694fc43807657e,37c03e3f54ecef14719663452883fea992e84919c32123ec55d0e5c0b3082142,79,1,79,2,train
20151116201114Mh,train,2015-11-16 20:11:14,Mh,fcdede0ee06fce4048fa7dc91c9d70bae6ce2634299649e134bb25aea290ce14,b0c40eea0e34a127b4e9eb752bd70c4e327ff3e67b9f0e1cf3826327b3290f8b,79,1,79,2,train
20151116224034Lh,train,2015-11-16 22:40:34,Lh,81b0976a893f4acf84eef7b05f5ae9ae180e54ab839efed908b83a03faf4408c,aaa58c654af0133ced3a5e50a5749a22eeb81027d393a17d553d964243f45fd2,79,1,79,2,train
20151117172314Mh,train,2015-11-17 17:23:14,Mh,c89cc6f43e2b4f7d3b8fc1ab58ee18a7169a318f57cdbc65b78c474de5c9badd,92f773d478d1e22cad8e1e41e7ffb179b8923c96ee47106783ca2260af08b23c,79,3,79,2,train
20151118172314Mh,train,2015-11-18 17:23:14,Mh,e65bcefccb5c89c40549fcdb58ff3141ca73f24a6e607816d8b93f6c1912cf5e,0e9a9f4511407139eab409d69f3e46e21b890d468a61a4e398aedf9b5486e730,79,1,79,2,train
20151119133734Ch,train,2015-11-19 13:37:34,Ch,ff465b4bc75a427f8f71a4e9ce3e58ddcdb06a9e269c158c78ae0abd17991acb,832fda2ca657c67cc07154574ac1d2467bdbc15d1edb6791c5105c2ae705f0a1,79,2,79,2,train
20151122172614Mh,train,2015-11-22 17:26:14,Mh,68f8f8b704b26e230f15a554a47216fa56e161dabd8bee5ea5a4051e0009c387,3fdeaebfbe1b415a562e3cc13f4441f8749ccd947b09835f94e03463fc25788b,79,3,79,2,train
20151128133714Th,train,2015-11-28 13:37:14,Th,b81e9cea509055a9a4caea1fbc35853a696b0e99318f06321863cdeac733fa10,b09505a273fb51139d60897c09ed1d21584a2a1a3dd0bee53374b57ff23306e2,79,1,79,2,train
20151128133734Ch,train,2015-11-28 13:37:34,Ch,a1f91a69c85192fc833c76a199cb12e1497b03eb91b2f81638c40667c93a00fc,8a1aac5129b20bb01b919281b6f803942a68d7f99e4fcd094106fcaed01a8258,79,2,79,2,train
20151128222134Lh,train,2015-11-28 22:21:34,Lh,d4e60d7dec12070d8a1294bd89bef89d3409cf0cdb29dbcc07f7be791b8965f9,93b41cc54e0af1aefa822bc3d18fc13a3bb6115e255f37145b618a38dccc91ee,79,1,79,2,train
20151209201754Bh,train,2015-12-09 20:17:54,Bh,3e82cd6107ce4b169346832a8eb506905758f7cdfaffaea4fd95b573d9d02939,364ebd5850c28916d09ea3696ef9c902fac1046c9d3a653f76279ae3c46c2fca,80,1,80,2,train
20151212171154Bh,train,2015-12-12 17:11:54,Bh,3b14c2a1428fc8987f977becfe613a76cd5698899c69e2efc72003971c654223,6ba7bfb8cbdbc88e766c96bd2b925d49262d6dac8f25b5243f3d8fc4e712c82d,80,1,80,2,train
20151213023454Uh,train,2015-12-13 02:34:54,Uh,66b795be49edc39d0a0d35a2d60bdc4c535d44449924965ae15a884b69adae15,0d376e1dc78bf4a8bb1c97c71df6c3ee88ab24b3a9e4af947b63d36d3cddfa7b,80,1,80,2,train
20151219133734Ch,train,2015-12-19 13:37:34,Ch,d8da3803bfc491c0a50b16215f46ca2a768df0c956188fad6d684dd642980602,d687ac41455cec564106cf300efac91dcdafa553ea024359fc3a0c8f541db7d4,80,1,80,2,train
20151224133734Ch,train,2015-12-24 13:37:34,Ch,994ddca68dad77873cfc79015ad4e1370f59caae8f77cc0a3af778f552b7b327,8f0ede4e16b714ae05264797bdb6d607466c516bb718e324a54909f70c723ecd,80,1,80,2,train
20151226133734Ch,train,2015-12-26 13:37:34,Ch,22a61e22f1b0f18f70551dde5a15837d9337ae110ecefa4fadaa64c77236b075,cf75318df42637b5a64177c03a718f754a788066ca3b9e710b29b6a7aa4791ce,80,1,80,2,train
20151228024254Uh,train,2015-12-28 02:42:54,Uh,d2f9f0310cbf35c6fa9e30d2396aa3605422ec70e76f4e60c157079a9b84f11e,33f829a38159aa1bbbb2ff83bb1d08e9121ddd798e96d0671015141774f03d48,81,1,81,4,train
20160101133714Th,train,2016-01-01 13:37:14,Th,67dc1aec30ee8ba95bd0a68b1caa3d492500237bc17f5f275c950530cf6adcde,b7a2240f072a8ef5945fd88960c0e45c36d243b53a450fe954e2cd7afbad95bf,81,3,81,4,train
20160103133734Ch,train,2016-01-03 13:37:34,Ch,31fd17a29c3a94cb23e24d10f3292ecad70350dec40e5cf5d7f3699ea785e567,940fa8d69bc43857d6faa7efca688359f5b7180fbd8b64275fdeb61d56f1d189,81,1,81,4,train
20160107133714Th,train,2016-01-07 13:37:14,Th,2bc3494a6c64e027c766d5ffccc9e266f1a093518b582016ee71267de94cd7d6,699a4cff33ee125edf4778bde44af1d792e9ceae29b42245327a56b02a21b653,81,1,81,4,train
20160110133714Th,train,2016-01-10 13:37:14,Th,222fdf4d9b64086e31641491e4e9e6680b9190e698c8fb0b70dba47a18780b99,31ccda3177fafd0110a205f8e76ddd27096c4db2c6e744bde05bf990702a4d1b,81,1,81,4,train
20160125154854Bh,train,2016-01-25 15:48:54,Bh,5ac2f531d9e425ba773eac55885811c0713e9f2b120961ca94d12bdd2ad8f985,321f6bcb03a315559b683b2b3440ce759a42e18d9891a8ae1f157dda8d0676eb,82,1,82,4,train
20160127225034Lh,train,2016-01-27 22:50:34,Lh,2d807033186b5a0cbd468fff7b3cec04ce492d4814fbf82a5fa93a5b9305491c,2d188aac16a0b3410d74193d68d8484847364b8c106f1f04914e924bf93aea6c,82,1,82,4,train
20160129225334Lh,train,2016-01-29 22:53:34,Lh,9a70d55da5fb34f58dad39dce45b013653e56b86f10922039c90ec3fd6700da0,f6dc4b772bf7801e4f81b70211ba2825442e4f1cc621c5db89072d1cdce450cc,82,1,82,4,train
20160201025254Uh,train,2016-02-01 02:52:54,Uh,d896cad21fdef6cdf7b2fbec4cb490ca42d672e072085c51c9fdb8a3beb61353,3fcd23cf93b81e97c1e3f0061cb157b012339ce3476aaebd19f9e59cc8fb6aa4,82,1,82,4,train
20160204133734Ch,train,2016-02-04 13:37:34,Ch,a5e55bd931deb4de13893d59e1c3b2d88886da976ab689b7fbdcc47cb79174d8,79ed0eecd76605b26adad7cb3e2aab30753bd65befd6858616cb3bd8264bffbc,82,2,82,4,train
20160213153054Bh,train,2016-02-13 15:30:54,Bh,d487405424bda8b85dafbc6704884274695f967476d428528e73074ebfd8c565,01d7705502bd07c60af7d83ca0b6d00c1c82d9d10abdff3393fc81188f08213b,82,3,82,4,train
20160215133734Ch,train,2016-02-15 13:37:34,Ch,df1f855a2a2a4b7132b5c810a2ba50b2776fec8f79e1b1202f8c337af8da378f,e8c4404fdc06ac83ae3c56c090b2a2cc450784c83b7ad00663c6cd888199f2f7,82,3,82,4,train
20160215175514Mh,train,2016-02-15 17:55:14,Mh,1c8a8d14fbebeae5913701b54328ff21438a9bd805af5d5ee264a6da1baa2cb6,727c698d33c71fd75d38ee8184e65fc6346e7fee7238abac06ea4ac40258435d,82,1,82,4,train
20160223173514Mh,train,2016-02-23 17:35:14,Mh,6f0b641af928bec4b88fffb091f898a7835b74a2e9b8660cf81e7d4b2ac275fa,41dfde4ed33ba8a9d12d298c6f6d8d9cd45a8b99ccfa73bfd47aa13c617f3453,83,2,83,3,train
20160225173314Mh,train,2016-02-25 17:33:14,Mh,61aa6bb44544072968e24a03a3ca376e0f7127aadf53917dd99147be035147fa,1cdc9d8989a14a48fba928fe49a22db73fb0bd3a5856617a27a1e6be16cc1ca1,83,3,83,3,train
20160226173214Mh,train,2016-02-26 17:32:14,Mh,f3e5cc0076b8458c59e6a9089f3efe2c60d7b5e52ebe973f302c9943d262b532,a00aad4719ba2676cb95553428a256a0767ebf2a1ff1a69f5048bb71d798b091,83,2,83,3,train
20160229151254Bh,train,2016-02-29 15:12:54,Bh,fb8486314262e76dd07459561302c6660199506cf748266e17a7ce97cfbd9f9b,131645e5e4b376734b49e3eb5cb656d798870e71be9a8ca553f8901b216984e7,83,3,83,3,train
20160302133734Ch,train,2016-03-02 13:37:34,Ch,bcaff943f075f8aa62e67b4f0d943f698377edbf4a827e52c6ed6dfcf7551ee6,edcedbd1e35fb30cab54d67a5713724f0199ea3304067d77631530ff53d5845e,83,1,83,3,train
20160309172214Mh,train,2016-03-09 17:22:14,Mh,4cf67ca68e9b3b375955376f521057ed7fa047979d5d5f16e8c35e63c927fc5f,b5c5b91ceb7d86d0513ac7294c7747044935f51f745fe109012a2c10b2dc69e0,83,1,83,3,train
20160310133734Ch,train,2016-03-10 13:37:34,Ch,4aeef520f9ba528bae6709622f9f4ff493a01b5855ff9e16e4bba77554b27cae,f6cdf7690100d65664787b757d238e09ca12e5391d4c5591afa78f9f5ca103b0,83,3,83,3,train
20160315133714Th,train,2016-03-15 13:37:14,Th,687d0f37967a4b73b7d4e44d133154996e9419f82ca5ee67f7c02f337bcf479e,e9ca6566687450250448ad53a7d5f7ebb455c116323970d6d62d91037f5117b3,83,2,83,3,train
20160317232434Lh,train,2016-03-17 23:24:34,Lh,06a8df07b58fe16d95afdc994fe7d00d49e5e1c8d67c9fc3642ec835f100929a,0ef077e31b714e7b537be803d8f31679b65e6e355308399014962f23c530e060,83,1,83,3,train
20160320133714Th,train,2016-03-20 13:37:14,Th,f2247a7cfdb7f72e3e2935741d207de64a06c7b3eba9967caefa8b8ab4776324,d768a39be0fe47c03a2380d20fd6bc0c39011bdaad7bda055dafedc1deee0f89,84,3,84,2,train
20160326143654Bh,train,2016-03-26 14:36:54,Bh,279017856c792caa0fbe289f67a5acd268e999dc94ace773c8cd54f85d29215f,e52141b4cbeee1911a396572344d0eb69f56e8e1c8f34f2ffe0f5f2465ad08ed,84,1,84,2,train
20160327170714Mh,train,2016-03-27 17:07:14,Mh,991cb6f88a201e16edb14295da4c82d583cf263e993ba7a4699317e95753634a,dc62883ac2aec7488f04bf5d6520b911230d1ac2cb7a217c26f2940a4cc88f3d,84,1,84,2,train
20160401133734Ch,train,2016-04-01 13:37:34,Ch,ed23e4b8a3c5cfa2943714528ff244ede6e73377e96190dff99e626d4749e19c,b129dbf2b1a4fee6058266dec3f026fddbbc40137d30cb063af360bc0bc95c48,84,1,84,2,train
20160401170314Mh,train,2016-04-01 17:03:14,Mh,f15e54ad1c800aa00a5df61d2089465ccd7eb7bc5a522f8b7e1e2e86b1162b87,ff0e57e3649c7cc5ab15eae087122620b703cc3597549901009f9e2d219a7eab,84,3,84,2,train
20160402025254Uh,train,2016-04-02 02:52:54,Uh,87d6456af058cef9aaa7783467d354c0dd890bd53b924ab54d359e51fc5de6f5,8c1c417643bb9db633f04f9136c2f0ffc45097466140c64e744d9c589d220659,84,2,84,2,train
20160403170114Mh,train,2016-04-03 17:01:14,Mh,169c17456f5b0f838f824541e220af40694966b5575060659fbf5e72777a09ad,3257146d119a608a01ed146e36bfcb4d895ab786a1784e50a61a293ef4dcbe23,84,3,84,2,train
20160408232234Lh,train,2016-04-08 23:22:34,Lh,240321fc77b53de75cf6d269c8a3522d0ab9ff5a021c98a27e96f0e2a1e49215,d355b11a60f0579eee6ddbe18a989fbb9d0a68b93dfcaddcd5c4bbae4beb7ddd,84,1,84,2,train
20160411134234Ch,train,2016-04-11 13:42:34,Ch,283a149e19146320a9f43c7e3cc7988683b4e7fede3c9078afb96bb542f47392,a75d0805d3e819732a269cc90da7810e1b9afe9a8f1f13d7c76747eb019af413,84,1,84,2,train
20160430133714Th,train,2016-04-30 13:37:14,Th,0dbd4ab704977aea96f2d8eba62cceca359180c3973cca880f8b28903c1c4d8c,3d6b039e5eb912a88cff0a5c4a27cc35dfa1b4a553e11cb020294e80285f3ba0,85,2,85,0,train
20160430133734Ch,train,2016-04-30 13:37:34,Ch,8ff0de0e5f0b897234db485defa316a8b507da0c799ec438a2a051088656cd47,8efc4d0a5687bdcbd5fa39e0f742abddbabbd547561c3321b7add2b2991e7c3c,85,1,85,0,train
20160501143154Bh,train,2016-05-01 14:31:54,Bh,500233a1e4418065f0c02614e48933734072db285831731d473592b5b87f48d0,9e653ed282c6de7bfbb24f12ba170a7deab25fe88377b455aa5e4eb806e3fcfa,85,2,85,0,train
20160510163914Mh,train,2016-05-10 16:39:14,Mh,cb79edea488a411b2d70ac4509b3317f2ecbf32cf1a84078552f427e635d2100,e4be05cacd5766645361f4c40cf77e16ea29647b751bc60e3a39c8e85ba08514,85,1,85,0,train
20160516012454Uh,train,2016-05-16 01:24:54,Uh,88300a3000b56fb7009b6bb64d18765db9fb9b430de68945d2929d90824c650c,2a1d55f8d30bb9514e4cfe894a963595d2f236225452b0ad01852fbab6a86d45,86,1,86,3,train
20160518011654Uh,train,2016-05-18 01:16:54,Uh,c25b020922222dc48f255c9706561dfe77bad4e82c5b962c5df058f5207875f3,0f97985c59cc3c191c152d22a874f4aa366413e729c31cf4c139e78eda73124f,86,1,86,3,train
20160526011254Uh,train,2016-05-26 01:12:54,Uh,7c1fe44c399a18c81488fef22d8ef30631694bda9fb191c6f01baa3cb6b473db,bbb6b1466303f3f05deaf8ecf4a1e64c2cde26847dd5ee129b0f7eae1b8e358d,86,3,86,3,train
20160530234734Lh,train,2016-05-30 23:47:34,Lh,b35a34ccfe1ef31332063b6455982ec7c743d2d2fa8f2bdf1650963e239b1d89,addc11f2ef658be917f266723f8f50c1ff2dab7dc2d5fdf40c198a9ae3a95808,86,1,86,3,train
20160604163414Mh,train,2016-06-04 16:34:14,Mh,94f0ff4ba227317acac741aec8184ca335d490cd64e76499ac4032336312e009,0b4b471dad3cff0335f480027219811c5bb2ec7abb816afbf707d1588bf18903,86,1,86,3,train
20160606163514Mh,train,2016-06-06 16:35:14,Mh,b4131c37cd07f752275fa0a51c6deea6d0e9ad09a77e79042e1675cea7c42ff8,49f716641e4ddd35ead18dbf8231c473399b6f495c1b691bc2e386ed0d3036da,86,2,86,3,train
20160609133654Bh,train,2016-06-09 13:36:54,Bh,c2ecba30f90e10f001b28715e86d5a8092025c766b8f133c0ce66b04cec6cc0b,e64a7c90da6c68c98115e0c93aae0d6055ceedfedcdeda110eebe721f3f8eec4,87,1,87,0,train
20160617133654Bh,train,2016-06-17 13:36:54,Bh,1a6c7d8c6fe3272df42a1e79aeec0fce4e43039accec0b7e7b00797ee557d9c0,7c57de73b720e0b546fe9837ca7e7c676e71201b0089ba0d41ec3bd05d25636c,87,3,87,0,train
20160619133714Th,train,2016-06-19 13:37:14,Th,6ef782d9e618e023236d637afea0fa4766ac6cbdb5b79c8bee20b99c9b426b09,106c6de16c4db1ff4a6191a7d9d2800e207c7f4bc2d7961d4432cc77f6e88ab8,87,1,87,0,train
20160627133734Ch,train,2016-06-27 13:37:34,Ch,9007d3f2543656715d1ec0458dc3c232ce871c275ea0da2b67ed0e238fe85006,d60e277dd0d6fdceb2e3a9e1a6ee5324bb555ae598e1c6a91e08a43b1a0b34b8,87,1,87,0,train
20160628152654Bh,train,2016-06-28 15:26:54,Bh,6215bf2cf9c94ba0e187c0161cf35af08952396cc8d7285042d3cb714819d926,79873da8b00166caaed96863095b393bb622ea402d6c212837050ccc8b9cdaa5,87,2,87,0,train
20160629133714Th,train,2016-06-29 13:37:14,Th,3ee9e15a2cb3d4f8b7881f95ffb133064defdde3e948e51871ca7ebf92f32457,b0861890e5c8cad79695b873e51a25cd32dd6afce7d49662f03deba4b4a6696d,87,1,87,0,train
20160703133714Th,train,2016-07-03 13:37:14,Th,1876f56390ccc89a750dae65d50d4330f504d39284f6387d26d3a05435cf72b9,6d7bfbbaf766afa824b90bf78a629d90f37e05ac3a9a3b0e7b92644a22c47a3f,87,3,87,0,train
20160714235434Lh,train,2016-07-14 23:54:34,Lh,20c840d5477e275e82e9020cfe6f170a7644c8d5261a2afb087dad337914b041,b36d5258b58367584f8c1fdc996263c04799df68fe41309d31f42b745a381309,88,2,88,2,train
20160720133734Ch,train,2016-07-20 13:37:34,Ch,87cf262672962110c15f4be56c3e06470aa14f81fc7563841c3f7c85b499a5ff,9ceed0f6ef1cc1678a2a17d924379f2b8409297d7d48645737eb690b4d0dbe06,88,1,88,2,train
20160724135554Bh,train,2016-07-24 13:55:54,Bh,4c20e81ab652d78ddbdaad8be7b18e03cfc46a9ec829bf31fab45cf48f5359b9,de31d9dc9272ec6c0ff1571a318d724c9ddbf2abf270f840f15ebc1c68a65b44,88,1,88,2,train
20160726135354Bh,train,2016-07-26 13:53:54,Bh,6343049dfa4c13945aa64db914c9ff356638c20014a8f43f1743ae514c72bd54,92c41a523f8387e82959ad3c02d40651122b40bb462d30dcb8a5e686821da92c,88,1,88,2,train
20160804133734Ch,train,2016-08-04 13:37:34,Ch,708c072496955d880ac9fac2d303cb5167ea8c7605b916bbec37e1aeaf33e2d2,d48a347a37f8fd7a2d97a634ffac7d505bc17618d44ee1bad3c935fb5730771c,89,1,89,4,train
20160808133714Th,train,2016-08-08 13:37:14,Th,b63138d80f43f00cd664e2d0041f12b2f158cf09cfcaa5a0318f312afe49e951,da007d1ce926a6d8691db56b4bef87fb3794aaee1f09003e06fa7234069d5a03,89,1,89,4,train
20160809164914Mh,train,2016-08-09 16:49:14,Mh,0bc49fdefdcef8cbf968e584138bc87ce4626227329a8a25577bc66f28c69aa1,d15a5416ce5fc78cbbb1f94b874c87afd08e8d20584d30f11756082528a6abec,89,1,89,4,train
20160810234034Lh,train,2016-08-10 23:40:34,Lh,dfe65049badf72019f59883ac1187e8ae981d87bdb0ebc06867fef723828859a,7a7f2c5068c4312116100fbfcd1380a9a56f1c4df24959f178374eb1e7e48a85,89,3,89,4,train
20160831133714Th,train,2016-08-31 13:37:14,Th,6b819d575cc18fb2cf4fefd1cd364668d16c8291baba5fe2ed06575844828c6b,ec2323a3e8a730dd1e0161144b0ce7e8ac5189388c800fe6766d795221be694c,90,1,90,4,train
20160920230134Lh,train,2016-09-20 23:01:34,Lh,da93879290f16200e7aed1a8d04414bade69949448dc4e8050bdc4af2fdcd06b,3897d40ba35c25c37407181982dd73e31220bc038a724694ae0be9f445577c94,90,3,90,4,train
20160925165814Mh,train,2016-09-25 16:58:14,Mh,58f336d065717c4bf4facf8332ff1b202d0a5eb82ba91bb126f916792d937f7e,5c382d6dd76ba23ff79440dd666c6f3353ed6e43b92ddee95128090965a66ae9,91,1,91,2,train
20160925225634Lh,train,2016-09-25 22:56:34,Lh,f29557c27ddca8926c72587fa0688d70c5c86f8dfbeccf998f9eb780802393b3,c170d86bc757a438d80d40a378ed8cb4e4c6f5072fb44dffffecd58ec9078c6d,91,1,91,2,train
20160927133734Ch,train,2016-09-27 13:37:34,Ch,f25c4d3ac35847ad83b16c5dac33e059b93d0a6f723e29264e7e544af045f9ad,616c848bcfe53bea8bef8702d0810fa9332872a2a9491525930f23123b379db8,91,1,91,2,train
20160928143554Bh,train,2016-09-28 14:35:54,Bh,ba8020d8caf56870333f86725c3709801b64974687f17c5e86e5a52a2a896bdf,06fea42223629458e742d33f4d7bb3680ac96fd2e3bdfaeea48d624899421051,91,2,91,2,train
20161002225034Lh,train,2016-10-02 22:50:34,Lh,87066f19bc34f782e260605bd3946edbac1aa297c5674c27583ace49286bc11c,8637e738cf0774c3ca313374734e9f41d633cfbf2ecb652b42d9331704918a91,91,1,91,2,train
20161012133734Ch,train,2016-10-12 13:37:34,Ch,c4cfcd074827ca6d9c6d86fe11d7f4c58083771e9edc72d0c49f16c38aa3910a,945053cd88729e837ff3037cfd2f6a9b6efea53d6170d87f610ffbcbb9976018,91,1,91,2,train
20161013133734Ch,train,2016-10-13 13:37:34,Ch,0dd3686a73a84579f8bf143089c78460367b2dd4398d72a988d5aa97e9ca56c4,827faadc0af7ef593bf3117cdb49d4b19cdd1dc0a23f0a6260da578d8a867713,91,1,91,2,train
20161023133814Th,train,2016-10-23 13:38:14,Th,34ddd2cb0ffdc004959d06b998069ef471dc3ccd72639055ba200bf0ff750a4b,3290bbf86daeb43f0a2bf67995d31b7111de32326731a4180cd9095ea98a3e43,92,1,92,3,train
20161105222634Lh,train,2016-11-05 22:26:34,Lh,4fc400bf9c2dd59fae6c74c31515dd8c133e4a511a567f26a1e88fa34a5a8fe4,543ca7309c645e67d7fa0efedfc977e8efac040b4f1f0fac17d0e4d66f0891fb,92,1,92,3,train
20161108021454Uh,train,2016-11-08 02:14:54,Uh,e4184541a7d6a53f027690a6fd6b9bb4540e4444ced8da882c0d8a0341820205,903e477c13b512e85207bf094b8358c44090b261714fb47ed7fd4763c5f0220b,92,1,92,3,train
20161109171714Mh,train,2016-11-09 17:17:14,Mh,827f5832dc1851ed8dd8d2ee0ffdd027d1baf7c869b29f75cf5647ec2d8aafc0,dd00fb91cb4762e9517cafdb1f27d4e871e6cbffaf9ef6f94fecc8a367b72d46,92,1,92,3,train
20161110151454Bh,train,2016-11-10 15:14:54,Bh,225302d94533de210c8a525b2620f42aeacfb42c43072c07f0d87a090d1c434b,7a6876ce708ac8e94764bf73206525a8021ef9fa9ec2b89118d43afcb79e4854,92,2,92,3,train
20161116133714Th,train,2016-11-16 13:37:14,Th,e77ed74398b5eaf00a60d08762accb9e95743c84255e0199bb7b441ce021c81b,afbf2a19ea825e1a05cd114785b7d5fdc7a2305a941867b6029b23b370c8ffce,93,1,93,1,train
20161129022454Uh,train,2016-11-29 02:24:54,Uh,c0c3d33338e1a9bf78f3fa8cb4aadae74d5f5a5581971d71ca0304e217083fd0,faa1751ab2fcce4d30d2aedf5c855f14a319d86cfdb1ec3003e293c5c110bd1c,93,2,93,1,train
20161201160954Bh,train,2016-12-01 16:09:54,Bh,ac005893727d7f769c91e651860820d9ac569ac9fba4373f62e8c65f73e8f76f,accf23e160347a4a2a10c8b56b8c1b8bfc79d0ee42edf5591d516ac2ad291448,93,1,93,1,train
20161205133714Th,train,2016-12-05 13:37:14,Th,836c1e85e8d73c288342d9692bfb10f538089339b1a1e384609f43f1c6315248,107389e71b5685a5c2814f745f38270c823ab1179c21f9760e15fe353a332b06,93,3,93,1,train
20161210133714Th,train,2016-12-10 13:37:14,Th,e248f69e79065e48fd6f2d38fe6a7e6a3404fc75c9918867b5a3bc13ef90446f,f62914eecebb3f97d69f42c924089540dce67f32111df9096ad3dcb490ec6739,93,1,93,1,train
20161217133734Ch,train,2016-12-17 13:37:34,Ch,d41324d6f12c973d05b95b1e9753b1eacd1800ad4d204baffb07fc4058da2502,8926acf5f5e3efc6438006972ca1351249d503be1c17b45f2d69b34d803595a2,94,1,94,1,train
20161222133714Th,train,2016-12-22 13:37:14,Th,0f07621d85cdb2a5003d17372557aa816040fc2fa5ea6dea5aad61ee1b60e973,0ed8514bf8071f6e18d96a139ff80f1647c550012ab18b17f542bea0921f0819,94,2,94,1,train
20161223133734Ch,train,2016-12-23 13:37:34,Ch,8f7375e4b7f69cc282306787d5c648e6c7b4bc1fe2bdf54db112666ae6c75076,1814bac387eab9784e141e6cb2d8869d2fc54b0a4785323d6555f9c66f558c88,94,1,94,1,train
20161224024154Uh,train,2016-12-24 02:41:54,Uh,6bd6f902ba3284f4c1c70f41e0d038824cc7809b8fd293ff423e98ec20b98e91,e94158a048f9b007023dbad46076fb119c9c4a8dbd4214e884b792d3a7486d9a,94,3,94,1,train
20161229133734Ch,train,2016-12-29 13:37:34,Ch,0bd4f9bc5ddf20866ceac869876966a8d2a77b974ff3f66988a321b922f17348,0d74f86b5eb58b1f96ede5f3fdc57e9c4e417e92bf91f4fc91609ac054ab78d3,94,1,94,1,train
20161231133734Ch,train,2016-12-31 13:37:34,Ch,4384069d017a140e44b15accaccd1e67924355a3274600ca77bce0f14fda66bf,ca2c3115bed512e4f3e0e07e747c8b1617d972fc8bf11e9d13cc3e4db58099df,94,2,94,1,train
20170102024454Uh,train,2017-01-02 02:44:54,Uh,98cb5fea303fb8e1e960db50b7ce9d8716fba96d2aafaf8be18c3f5ed4dd598d,cba4375d6da22934860330cadd715a4eaa6e624d98cfb0acd880e3b609324689,94,1,94,1,train
20170103030554Uh,train,2017-01-03 03:05:54,Uh,309b28df997182a6dc10d6ff110b83db9e877079209a7fcf5cb1f6f50236eb0a,600f2371bbd56e15a88b94f5f9714e988f50fb995ea42236af6e533c589deb80,94,3,94,1,train
20170106133714Th,train,2017-01-06 13:37:14,Th,a6b0b2ddfec7cce10fff9b691980362913be8a52ca4680ed9129b1b822e646dd,1d30948479e203e16bfa5fd6f60a7530ae4ecaf6195e7da2d2e922493965a446,94,1,94,1,train
20170107133714Th,train,2017-01-07 13:37:14,Th,0983428e9a400ed1a9a3a51c16d99970f041356bbf6d79b7358174b2ca541c22,df5af3ca8618948b3363066d670c48e23e3f4dc31f914eb47f554adeca1dce23,94,1,94,1,train
20170117175014Mh,train,2017-01-17 17:50:14,Mh,ba231cc99286ef354615955c4cb7219988468eb99585254371b32b6c397d517e,6df21088a9ff8588e3471b11bf1575bc2607f1a3bd0461614330799efb57259b,95,3,95,1,train
20170119031254Uh,train,2017-01-19 03:12:54,Uh,a0dd86bfc1e006705106ed5b45c460f3da1be417d2d3fcae24386e7e5e655cbc,5379bb238931315bbd4046360baf1f053b537028c886cb903edc4e9f6030b4b8,95,3,95,1,train
20170122034654Uh,train,2017-01-22 03:46:54,Uh,7eb94383665fa09882faa978ff6412c1124930562b21667964a1a5053a0afad1,ccd27ff76e30e604b38c8b1c43f5b788686af32886d53d05e1e1e9ae8c6715e1,95,1,95,1,train
20170125133734Ch,train,2017-01-25 13:37:34,Ch,3c7b537632086b036e967fd0a6caf704c38f653634a260a7eb5ba00a327084ed,8291fbba901ee864001651716b4813af2720c3179226af34d5c6a1dc9999e3b2,95,1,95,1,train
20170217165250Bh,train,2017-02-17 16:52:50,Bh,c8dec592a424838f85e909a08be6271871d8279b4324f8c94c67fcba3f96cc5a,70d0ca8ce5312505fce89afb872c19036431fe03ca7928c7b3ec32e983b315a6,96,1,96,3,train
20170218173710Mh,train,2017-02-18 17:37:10,Mh,ad16a0ceb7b18d82eb79ef98291c35f18a5b7b69a91230cf5607c4ba5101bb4d,78e03a06b3d2cc54e91609b47b80db01bd97551d15493e454be9ed4ae54cdc89,96,2,96,3,train
20170222133710Th,train,2017-02-22 13:37:10,Th,46304cc29351f68cdcb1f83a8bb5f94cfd1aa19c53854b2c0f6082aad97ffcab,ead89cb6a0f11a9f48cdcdba23b257e274f821ab0130c61625f6e526b4986d72,96,2,96,3,train
20170310133730Ch,train,2017-03-10 13:37:30,Ch,d0deb9b2b3786d4dca79028f7a203b51a8f04b6335f62b1622e22bfe807bae0d,32bb9462af17e9f38fade6009fd23df1a9a5ddb20de5ebd35122081310786938,97,1,97,1,train
20170310173450Bh,train,2017-03-10 17:34:50,Bh,7ed2e5d5065e017f334022497b2f1fcc7af7c66354dd2f574a71e41ced8a012a,1be6da15a2c0eec39651f8b0b86ad8821af135dcd5dc8ebc4e211e29365cdfab,97,1,97,1,train
20170316133730Ch,train,2017-03-16 13:37:30,Ch,fbec8608e3e5a04bed1a1e0f0586e392a1cea6cfa93f432893b200391bff7633,5a3b9a452e9898ba07e81bcf97f2066e76c2c5ca89aff883fbd949d719ad4db3,97,1,97,1,train
20170322015550Uh,train,2017-03-22 01:55:50,Uh,b206ae911b93ae3a682ebe60735cd60c7f6730dac4172255ee7e7e822845ab8a,47da53494dfcea78ce82a0e64c8ae5e236da4a9313dd6a3213de37a2d99a4847,97,1,97,1,train
20170323041730Lh,train,2017-03-23 04:17:30,Lh,d173362c4ef2b4eb30e1dccac7a0ce3e5d63e210e9833970f0c42e7295afef0f,6ed448422defc5c477b5f08965fb350fd45e1f42dcc5bd6dce1bb102619f88a7,97,1,97,1,train
20170327143550Bh,train,2017-03-27 14:35:50,Bh,412430f5b5327bf7fca381ef86fd53d787f39e49796717366cf006f49ba90696,284f76317e7afe884b95efe9f79ea59fedef3573d3bf6b64a43460686b110aad,97,2,97,1,train
20170329133730Ch,train,2017-03-29 13:37:30,Ch,b6f8530f8996a5f91d2cdd2fc5f514a8718c2e071737f171f8b9df73c4624e9b,296b5d97d4e62a2ab322cddad83ba1494393347e778233c69424de6e64a5366d,97,2,97,1,train
20170408133710Th,train,2017-04-08 13:37:10,Th,7ab72a96d4de1ae5dde34c37fbc1b3cf1e62124930abbdbbd1c2fc18451f0b87,cd063d931b164f17d5567143071ef7269a4b5153dfeef83993dc321e2930578b,98,1,98,0,train
20170411013550Uh,train,2017-04-11 01:35:50,Uh,30481bcab9f9780906fd5289a2d6ce130ed778f6a94d7a3588a514184bca7c40,04395cb3ea48484b2d4c9b478b97351c42592b4f50822950c9d7afb509bb1713,98,1,98,0,train
20170415145450Bh,train,2017-04-15 14:54:50,Bh,2d74e9853ebdedfb32a1a47431c189388c09d210e5c56fc233fa8e51c65d5827,b845b33fac07127192592d93ed33ca126f9f4e69037a7fc45fa4cbaec48e5606,98,1,98,0,train
20170417014150Uh,train,2017-04-17 01:41:50,Uh,f99f131c29d6809d4dd05697a369bb57ce6274970968806a5323c7baf59a7b46,d45e8cd4cd6d48931e6f5f0cff8e783c36a86d0075a0b93c130fa5ae3d390cd8,98,2,98,0,train
20170417232530Lh,train,2017-04-17 23:25:30,Lh,ec6e5ea005a9c65d02e0619fd61f86abd7be6d94365b79a9b787f2d51a48ae7a,23929abd95bc20ff5f798953f6b762c6ce076bd1c6a60575a6281985e1891d43,98,1,98,0,train
20170418013450Uh,train,2017-04-18 01:34:50,Uh,b7f22730480c30959ba64d41ef7675e3464ee2efe0474659487a3f61878ab6ad,38225afaae25b2aee5f039653685ad52d100d9f345df399e52a806b18addd4c0,98,3,98,0,train
20170423014350Uh,train,2017-04-23 01:43:50,Uh,0d071ec569aeb492e3547067f46391f4caf5fee12b20b6ac697eac5e386649cf,23b7c186e4c6b8a4264ffb059f0bb66ea1c5873bdfcd030e78564e5850121247,98,1,98,0,train
20170425133730Ch,train,2017-04-25 13:37:30,Ch,023c62002c97ead75f618fb895677f955a4e983a5abccf041418cba51515370a,2214fea678f6704f5773ef63fdef205af6467d1d53b5fc44c078292a24de6e2c,98,2,98,0,train
20170427154550Bh,train,2017-04-27 15:45:50,Bh,c0178550b9980366e7ae1ea8c99156e67283d22c8c545e3b9bdb8fffecff81f1,f312dc4fed1dbe8d311e907d8115d685a92237cb96b6279d0a45f43e9934a680,99,1,99,1,train
20170502233130Lh,train,2017-05-02 23:31:30,Lh,ad118135aed0f8a4c70fbb432a41e7f2399ffbd199bc254a7567514c4d5d4f84,9ead74fb35a095877a56487d4c8016a6e304423e5a199c8a8fb3433aace8ed83,99,3,99,1,train
20170503013050Uh,train,2017-05-03 01:30:50,Uh,6af1480e77ae9749fc543db2bd480a589ef223f5d59481a470ae2c5c204c07cf,c1d836733c73d1d0d2d96712e84cb363602bbd100d60108da0d7e9d3fbe3d587,99,1,99,1,train
20170609133710Th,train,2017-06-09 13:37:10,Th,79835ad0be08e9e2fe41483634211f2dcd82acd1fbcb36f3453ed586e94d0710,775c43bbaeb1757c63a1fa4ce87710d6cc81809ad1b65c62fdd1d8c5de07ab5f,100,3,100,0,train
20170612135150Bh,train,2017-06-12 13:51:50,Bh,c36da5c9e8101a2fb275644a27035dc2b8e01b75d299d53b436d59a384db1a07,904a3999882bf1329a0a6b9e700062472659149118bc94a7b6585dd137acbfbf,100,1,100,0,train
20170619012150Uh,train,2017-06-19 01:21:50,Uh,07121bf3f51b1e9aa94f74f4cecd5691d07bbcf27190c114307ea588435dc28e,4943eb2ac3015739007b6dcd3ed960b33f563389a38b9fd976c8f0d471d8eb16,100,1,100,0,train
20170701235630Lh,train,2017-07-01 23:56:30,Lh,351dd041b38352872ad3d03cf662781e235470cf1d5afa05e04a532a4fee32d6,756b2f96c02c1077b531face08803c83bff3e38295a3559f7d15721a5c9e4b19,101,1,101,0,train
20170702133730Ch,train,2017-07-02 13:37:30,Ch,86d4290486ac4e69602be713ee8391e7b67eed4742d9d832c7ac87e1773798d9,a4b00f507f0e2be8958ed347c22ba8287e22023c156cf28bcabd52b278a79432,101,1,101,0,train
20170719235330Lh,train,2017-07-19 23:53:30,Lh,12b3e0fab364e1c53a7526c862ef5e88be4cf3dedd436612bdf8d7844baedd10,8d06d0978f47ff3ce6916047e2f663f2beb267baad0f02078c4ee7aa3770864d,102,1,102,1,train
20170722235230Lh,train,2017-07-22 23:52:30,Lh,681ef28d944d3f4a62c86d83d9ef005ab71d60d62cddb5ac73ab9165214053d6,9bf9ff7b21614f966483ed7aedc8bf1bd032b554774845d8553ff9ff68899fc7,102,1,102,1,train
20170726235030Lh,train,2017-07-26 23:50:30,Lh,c675efd53850ca3c2f9726eecadc04d33a437ad9d11f0faf3723f59224988cba,036f09f4f57c6d6805e6f932046ac3f3ac56521269ebacf879167d524ac041cc,102,3,102,1,train
20170728150230Ch,train,2017-07-28 15:02:30,Ch,ad798ff6d137af7b885ed8a4d410fb59636cef30640df53553d78824d9f66dea,5d84b7eaa84439e3b6e9e07f6757c197984f560375ccecfc23def3d75ec4089e,102,3,102,1,train
20170801164710Mh,train,2017-08-01 16:47:10,Mh,13865dc5f4579509bdcd9ba3b262220cbde9a14a2a11d63ba5e750d05c120f23,e9dab8ed04f7b4fc5b553b8af443204f972b072bae5b7c0cb4b3d584061ab84f,102,1,102,1,train
20170804140650Bh,train,2017-08-04 14:06:50,Bh,7614783fac884648629e48072245bac169e78f49ecfe3d0ef365e7339bf83171,553973cb8fc7018a5891dacce231a308ad3449913089a96efa896743d5b847ec,102,3,102,1,train
20170805133710Th,train,2017-08-05 13:37:10,Th,b069b18050eb8e54d4eb9c36ccd4cb6c910b6676f442dcdf14c9ee56ab5e8665,d6d87f9f4a050beea60087547fbd0b32b7a8fd513cdb14215c4c83da845a54ff,102,1,102,1,train
20170806133710Th,train,2017-08-06 13:37:10,Th,17cb12ed53ca67a6a0b2dad06d6836180d993f3885020b3d7ac87f3e2c97bff2,ca568bc84c91589bbb915f49746db91a5eae7fe4a8c6d0afad84da5236cfd7c0,102,1,102,1,train
20170809164910Mh,train,2017-08-09 16:49:10,Mh,90ba257c1a243a1174cfb46a92ff92079780da344a98392e3c4cbb64a1fb2b72,1e75662ec4c5d4b2583045c518faa36901effb559bf32b189bec86cfc4d42896,102,1,102,1,train
20170827165310Mh,train,2017-08-27 16:53:10,Mh,15cc0ad74101e568e2a31539b1dcac1acfeed366617de575dde723c7f6cb02fb,7cfc45425e9b721ef62050d59371560ad5176eb6b78fe1b3f28d2f1da70401d1,103,3,103,2,train
20170831170750Bh,train,2017-08-31 17:07:50,Bh,f99ffda15c3023ab18163795d602469b65c59bf2b1e23d50c2ca01ebbfe1a8c4,ba638908e9a1526151b99d310b33e278b1359ac2c4c7e49171fc37d4628506c7,103,2,103,2,train
20170925225630Lh,train,2017-09-25 22:56:30,Lh,60ff2393963d33ec556600dbf79a4d2ee4fe55999ff7068a4681f426f3d35067,d65927d3f0ba3d34a5e4529b77144b2d98719de6e7605d3c2b212260da277d2d,104,1,104,3,train
20170927143450Bh,train,2017-09-27 14:34:50,Bh,9878d57afa7b5c05ef6a7248321e02cc7a069a3b644fccc39a43f9f753c0d285,ded1408b74d1c5936e3c0ce0dea285f6238ba321ad0487cde8afc5e82070a47c,104,3,104,3,train
20171004143950Bh,train,2017-10-04 14:39:50,Bh,bd67d12145355e0e2a488712c2a2e20a86335f8686f1a6579e3c2ebda88102df,56f5bb96fa83595d7fdeb6ee727e3829aa41e65f7896973cc5193cec506524cf,104,2,104,3,train
20171005133730Ch,train,2017-10-05 13:37:30,Ch,82ad8c943fb677882f8bf25c5f651ed75d72f6921f79bb1431e832ee4ea81498,46c4b65895e1edf05c3b0376e48148740025d99de8b0ff80a3f795b4d926839b,104,1,104,3,train
20171005144050Bh,train,2017-10-05 14:40:50,Bh,87f4cf2d3c8d1c165980b567988b2e4335710fca5046344a91cc5fc858cbc754,0463b1b1621ac99aceb25ca01cb7da760c7a6d7c169ad09128ce7d03a3deb567,104,1,104,3,train
20171007133710Th,train,2017-10-07 13:37:10,Th,a48bb17314fe8a822b3f83f6596224cfae40f3ba6a50c3a549c4a49ea988bc55,8f7ecce6cb41a2dd31ceb9dfff3f9f8585a16392615a7e28901d8635ec765edd,105,1,105,0,train
20171007133730Ch,train,2017-10-07 13:37:30,Ch,8791212223391c5e6dc19c54a101cb0b428110f1a14f1aa0301ae9bd4ee1b12f,7d2191d0dc4b447c500ca3146c1c20ac4d00fc3f72e2b3e30b8f24903eeaaf73,105,2,105,0,train
20171008144250Bh,train,2017-10-08 14:42:50,Bh,0b3a128ccea18d059696aff52d2bf6f6f84a1285b530bdf64576cd9cf3fb202a,a412776f3d177c63fd1695cf74a65efafa28c7cf9ec33f29e0d19cd6c528ebb8,105,2,105,0,train
20171011170310Mh,train,2017-10-11 17:03:10,Mh,989f4a448a3b0353063da67eb243c25b3e28d6ab99e6ecdd1fb12e5479b22f21,068bb74bbb374eab30eac10eb05f0b4fe08620e8aa681939b52770cb201cbee6,105,3,105,0,train
20171011224130Lh,train,2017-10-11 22:41:30,Lh,2aba478a468c43e5659d6e1105b45d11e6c29b1b92e0dc52ee8f706e11a14710,21dcc31f3762bd0145b9df0c0d01b378ab7df7d2e10181317348472d0edee86a,105,1,105,0,train
20171014133730Ch,train,2017-10-14 13:37:30,Ch,a3fac81dbf5fbd0429917c3dd9b3574807848a4f3495d438a963a535260c6fdb,207ab6aee670bb0ca75979bf77faf810572e0c761686d19e621526e1ad58b383,105,1,105,0,train
20171022170710Mh,train,2017-10-22 17:07:10,Mh,a3308ed1d757df1f18e32a263c25a058686c6e159d3bb46102e8a1a0be0d156a,2d490e94416b11545b9210d3758224e1229edd31487cb254dc7ccd7550078ad2,105,2,105,0,train
20171025133730Ch,train,2017-10-25 13:37:30,Ch,eb40e2482d5bf9538fe7ad724a2fca20fbc62433c14d1330915788765adc0f0c,48a46aa7e5f5dec6de3be2b15f334508a59ff59443d5c3865f2a11141edc5132,105,1,105,0,train
20171025223130Lh,train,2017-10-25 22:31:30,Lh,cdc3ec5ffdfc5525d12718d377583aa3ff44dd0e569a86aea71cca24f7bfe3e6,2b43613f541f58f097b2894aab2b0c036413f974df3ee3fd49861039dbd14ce3,105,2,105,0,train
20171027223030Lh,train,2017-10-27 22:30:30,Lh,9eb31a7854fc178de0fefd6da23096a38d6145c2351ff91c1fc224c61f59a50d,83b44f1343f8b38edfffe0938c361792729937dc36edea07e507772019164b25,105,2,105,0,train
20171029150150Bh,train,2017-10-29 15:01:50,Bh,f15a814a1a79a30cd541ace933a5cd3db0642009a3edf30cce6ad5bc80cc0aa5,a75cb71377a5def4cfcb30e33e06a44195fc1c6fb290f99a1a0e64fe6cf8ef04,105,3,105,0,train
20171101133730Ch,train,2017-11-01 13:37:30,Ch,bbbceed57e134dd4cbb464bc0932e4d12dce2b200aeb6dcdc9e2946a88c6a92f,bc54b3d09514565a94cd2c7baa7bafd87b73d45a918d8580fd6cc84c898d87e8,105,3,105,0,train
20171103222630Lh,train,2017-11-03 22:26:30,Lh,0e25b98977863f32051fdff33ec56b7bb2f66bd8c3bbdd1b84eaf755d6e052c0,c8dadd0ae70940f6c4f5645eecc59af319b61767a10ad4f9002a5a10f29b46a4,106,2,106,3,train
20171106171510Mh,train,2017-11-06 17:15:10,Mh,66a27af8bcf11bd953e6fc090fad38c4f515d07be474e22315cca80db29bacea,75485603c957130fd0d6167b956951d792afb807fd99575f8747548055d44a1b,106,2,106,3,train
20171109023950Uh,train,2017-11-09 02:39:50,Uh,0261969709be3a5c461418bf8e798bf9957d61cdb3156d2089e2aaa35c5add2b,1fa748165af7fbdc0d8f8864bf8e7b9da56b301dcbf217fd406d93386832811d,106,1,106,3,train
20171114133730Ch,train,2017-11-14 13:37:30,Ch,758e2ff86948b270b526d983c20f4da8cdd1c44921fd8b1cd375abe9c30e7236,f5932e85bbd726cf05d624bd2283168b283dddb2ef35279959008caabf63a0f9,106,1,106,3,train
20171115170950Bh,train,2017-11-15 17:09:50,Bh,e915bd1072f2cd682d6e395b21cc52986dff93d7cbfbf6ce5df970d66f824090,12a84d55e66bb3ad5f615acb735fb64d72c28bcd11dae85195be9c732c498bb9,106,2,106,3,train
20171115222230Lh,train,2017-11-15 22:22:30,Lh,3138cab9bee1eedc755e13a38c160610fdd00845b0f4558b37d2b13234e9459e,5cf9fc0f1aec70534b8831ac55d1adaf56ecaab04c0724878c7ea32d14a1676d,106,2,106,3,train
20171121222130Lh,train,2017-11-21 22:21:30,Lh,412281c6c65eaed90ed9df543883df4e42eda46215cfebe6ac490c7bad58a95a,c456fddffcdb80298f526c4a3dbc7477cd4dfa38ef67094f419e7c378d9387bc,106,1,106,3,train
20171123133730Ch,train,2017-11-23 13:37:30,Ch,81027329b96f606e8be55d3c0978a95c4470d15e9279a644b3f10bac307b4c66,e657f82a63517c1b8fd739a65c3607624da12635e647722599c4098ca21a69c9,106,1,106,3,train
20171123222130Lh,train,2017-11-23 22:21:30,Lh,ee2e0b0a5161db107dbc019830495160eacabbee4ebbd9ac9c5f596d33e0868a,32cdea92b50cf0eb764ca3b9743c8b5d5ded44c8253b5bf8d6096d8ea65e09c3,106,3,106,3,train
20180109223930Lh,train,2018-01-09 22:39:30,Lh,3d198dad12ff0cb3416733af2171a47b162ba4f9aa9d37424ccea67994828eae,51194be24b3ca635f3da1937d099229097e44731fe815f6473699cdea9ba5354,108,1,108,1,train
20180112130330Ch,train,2018-01-12 13:03:30,Ch,a2019d42eefd14663c5f9c8d88f56b8eaef2523528e61fec2116a2e8d767379c,a513f5633e412ac09733d681531c7316a32a71fc58850d321f635ac08fb1887c,108,2,108,1,train
20180202130330Ch,train,2018-02-02 13:03:30,Ch,a985265812e72cf2d056cbc5a696a68d2ad1f4788675a64ce9590189ec06936b,efa7878b7cce7c5b73456abc1ff4a44d26fe1b84db288a82710e83f97c01893c,109,3,109,3,train
20180301050430Lh,train,2018-03-01 05:04:30,Lh,aad49b8d543aaab42f5c4500e9fc6104e2d5b92f4f525acbbfc0237df62c6487,3a184951c8136a7f853c954234748b608f9d390738572885d307523af1d1bac7,110,1,110,4,train
20180306081810Th,train,2018-03-06 08:18:10,Th,c96fa7314d3db5512c8f1c23203da3822dd2393ef312a4161292aa0aa42ae84c,8b2e0cbd6e5db7c991cd8adf191be94e233b210a8b44e573687eb21c9e388526,110,3,110,4,train
20180309000910Mh,train,2018-03-09 00:09:10,Mh,b75f418795f7b694ff731956dbe9f419881d0b71b962cbf39d3412c2af4b7884,978a9593a85f376e2bbd5a66b462f0d9b7169851edcf436c89b2ba74d76ac177,110,2,110,4,train
20180318020350Uh,train,2018-03-18 02:03:50,Uh,7fb594f3cdbc72f64c9901e0c5c676bad1127625891ec1911d1a631794ede662,91d4eb74d27f9d927b732af774b74ca57cbb0c7bac83dad079fd2b6af6f68a8b,111,3,111,0,train
20180318232230Lh,train,2018-03-18 23:22:30,Lh,31f0501b70ccdcd3fade8be17728451f85a0b83c3b02be1f4b866b41ce7a05b0,45b3885b126837c7b7bf61b2fcb59aa27ca39f7b9f20ecd9f8297ed351f69e58,111,2,111,0,train
20180506140230Ch,train,2018-05-06 14:02:30,Ch,86f93fde48b1cc8cdb3f13abb2ce15babf709a482415a435d18692a8f1d38a74,a0bf4876469f359023567ed3f97bd036d4375ba72f9261d2037e6aa019a5f2b4,112,1,112,1,train
20180710031950Uh,train,2018-07-10 03:19:50,Uh,8d367f1748f7eaa596346f8f6cf95a63c4068cff2c2db016d05d7001ea5d8c2c,3b033c9d6905588f1c8e8cca84bb24533c93bd511c1849e939cd449267879eca,115,1,115,2,train
20180712123630Ch,train,2018-07-12 12:36:30,Ch,48adc9c9c16480e489c7efb235e18a1a844d44212a82d97fc7845d685bf9fe5f,7d721ed933e3bab6b0391fa40546a3923b8cbdfffa9046bbc086eae370480fb7,115,1,115,2,train
20180714000010Mh,train,2018-07-14 00:00:10,Mh,eee14a94caadd033aec598db1bba7a40e7340c568ff58f7ec8bac96c7ed4c2ab,6108e2be263c695a3af40b4455b3ea51b1a9c621234304fc77b6b799efc6f7e7,115,1,115,2,train
20180801232450Bh,train,2018-08-01 23:24:50,Bh,f69190350045785a49fef191f3bfb008f620a90be9005e74e516cb87712623c5,4c5916ac16600caa3a451c74acb039a507e97c24a49c227d9185e03b782ea4fc,116,1,116,2,train
20180804234530Lh,train,2018-08-04 23:45:30,Lh,d58545b01482ec3cd3960222153cab6a3dc55aadca492936dc7fc91e54d23ebb,4cc416dad466a73e55de90fd3b187b66ff0ecf70bebd19c5ef0d5d8e373b65db,116,3,116,2,train
20180805232510Mh,train,2018-08-05 23:25:10,Mh,42f8894dcd2728f86b320b8f2385aa7dd7e9f65de4bd9705e6c427b4e6a25fa9,8a4095d4014264502b11527d56a52adedb473999fbb903bfad33d493852cc296,116,2,116,2,train
20180825205030Ch,train,2018-08-25 20:50:30,Ch,0e159d9b73b90c6b831df93fe3a7c78c5fdffd2b4db2431c9fc29c0f372f268e,6e56a4cce672ed221db9730bc11c135a7438f6f903597c1c9c9c8fc844f037c7,116,3,116,2,train
20180827232530Lh,train,2018-08-27 23:25:30,Lh,e141ea4463b2cfd2ff2da5313d63fe2d2c828bc66514013ffab72bdf325c3602,babbbbb5f24375c7c70c4691411e5003b91456efc66641bc6c91e58d862314bf,117,1,117,3,train
20180923112330Ch,train,2018-09-23 11:23:30,Ch,e98ec5545d67c75a4553f491d495c5317bc36b08fdc0cab335560d8785b6c168,1a499761037a6d17d6d9b585ce28014d5df786736cc00c7e6fa928bfaa8ac819,118,1,118,0,train
20180924112030Ch,train,2018-09-24 11:20:30,Ch,47ad342c620c3d5ccf8575abddd2876cf96102563e0409f6e7144256ccfc3eb8,6fd79c882bc0d5301282e7857117db0cffad6cb6748ac2258bd7d4ccc5c84315,118,1,118,0,train
20180925000030Lh,train,2018-09-25 00:00:30,Lh,8d7f4b40273887bbb1b6edc982e4eacb7f48fc6cf535a5b0c329ea5ab41ec241,94d9d3184235b8616917fb0201183a365e0ac5abd619d7de4289d91b21952b9f,118,1,118,0,train
20180926014350Uh,train,2018-09-26 01:43:50,Uh,1a36c7abe564c31cf480a333b550441da6ef663ef063efdaaa35c75babafe23d,2355810cf24ea9722d10a80111b5d1e3a6e4554b63cc83e05d2760d7cc9c3338,118,2,118,0,train
20181014105830Ch,train,2018-10-14 10:58:30,Ch,6efbd914b122bb6fac1fe5c0b16edf634c2b9e3a6e3c518006a719c1527310ad,64023b5945579cfe31642c9cd99d26da08996ef483043f4c3cd941f3ac8d9e25,118,1,118,0,train
20181023232430Lh,train,2018-10-23 23:24:30,Lh,a5e0fe6bfc6c37a4fea0b43267f9bed5d21a7bf69cd308c5f581dedadd1196ff,625aac87c29ad149edf9a568d2b9928ff4bc516ed2030f546407ae1bbdb51be2,119,1,119,3,train
20181024232430Lh,train,2018-10-24 23:24:30,Lh,adcd1593f0015d5cecd35ffd22cc379a249dd2a273299cef2ae211d8c78308b0,410b139f6f9b6bcd5f7722425615d0b27c12c93c453b2b605567aa185900e37e,119,1,119,3,train
20181101230010Mh,train,2018-11-01 23:00:10,Mh,2f0a00f9bb4c3f0acce4e3a0304cba16b102607359b2989ab81eea0c91cf6a02,397db3fce799ef5cf8b42c7536b1e90081fbebae824ab29aad041d28e37a0351,119,2,119,3,train
20181102104630Ch,train,2018-11-02 10:46:30,Ch,b59b62f4bcb4ef800baa4cc0df9b76078ce615f014c6cc2704de563bfb9353ee,c26cb8cf1779f84e7f44825834d1b0e363628604affbc4debd32bd556b63a6da,119,1,119,3,train
20190317145150Bh,train,2019-03-17 14:51:50,Bh,36eedd8902c43605ef7b08fb1a8119f9c301a3a85113219fede9223326cacb28,0a28d2c47ae6a1f53ab6748d35d3422e99b5cbf8deca9064de582420790f058f,124,1,124,1,train
20190322144450Bh,train,2019-03-22 14:44:50,Bh,1210c48db74558986e38d30d36c17c749131fb45767eaad103bf025047bebae2,7f2119c41bd54fdc919931b6693adbe492328e332649fceb1ba22351c5bd1322,124,1,124,1,train
20190412025430Lh,train,2019-04-12 02:54:30,Lh,cdf8edf530c8aced39f873a48c08d22e0711e9e61134273d8cb49535a88e9909,f54f6cac197c8d44e49165009379c372e59a0c5d3f6d905139695108de43fbb8,125,3,125,1,train
20190602025430Lh,train,2019-06-02 02:54:30,Lh,1d96bffe9c16ba6f494818d5d372969ae1c4c81a4ffff921f00df42790cedcce,2ccd9534b674c67b856cd857da1ed0338ffd3bcd5470bfa9757fc329e645be4f,127,2,127,0,train
20190609123330Ch,train,2019-06-09 12:33:30,Ch,bf93722c819a8a3e5df2583be9253522d703bbf4db8ae125206257ce0d02feb7,476ec15ac78dc3d0d117a44c6779e8f3928c095ed47df9e46077bf4e42f472c6,127,2,127,0,train
20190611032810Mh,train,2019-06-11 03:28:10,Mh,04ad41c1c32bcc04f8b1b0fe74d1e796dc756df8088516795ed8b7fe823e96c6,7f17ea72e735c62408f0757e02d2cd91de3db22c3fce706bef505826a311812d,127,3,127,0,train
20190626025430Lh,train,2019-06-26 02:54:30,Lh,3115e3fa6fcc7f3585a3ea7573d5b03d0115731ee733f669e8927588c9785da0,8075fdff1c959eb65f039db71b6939f52f0f7bf574e42b36af261b904a80ac31,128,3,128,1,train
20190629163710Mh,train,2019-06-29 16:37:10,Mh,433159b78a4d0d3481ee3a5a60fb3c1009d2b21c8b704ec32e96f76885a477d9,24d7f004393217c3a853b068cae7e2067fc49ab1d83d56aa0b7d751eaf28eca6,128,1,128,1,train
20190701123830Ch,train,2019-07-01 12:38:30,Ch,4be55d4a0e1df71cb3010d0a62058d4c90cb472da0522ee2481f99158162220e,e4618a2ee23e75807ce43c755488fd4e43f50410c1e45c36ea2b164a5bc3159f,128,2,128,1,train
20190704123830Ch,train,2019-07-04 12:38:30,Ch,78ffb5e1fba8d11c45922e6c7b6f2a0317884e871bf100ecebb846c870f58580,339f6820f0e84a433b09bf135ef622e8f211feffab17c8ca34fbfe2a6d0fcfbc,128,1,128,1,train
20190805054730Lh,train,2019-08-05 05:47:30,Lh,5a6b79418e2d5935d92a6bd26466f07f53e58112754d206d880e26ecf033e93d,535bc3d0679da4f9981ae3e33b92b8b48208e7956b81fecbc1e13a197f52ccc5,129,1,129,2,train
20190925165810Mh,train,2019-09-25 16:58:10,Mh,778086a913b4c8eeb537c3cb3c66357837509585dfaa4bd41ecb62dd1f59bb56,825de90f1ee3150a22379bc54ddba9cce990e6f1b565a3280ce8f778f183a73e,131,1,131,1,train
20190926165810Mh,train,2019-09-26 16:58:10,Mh,522bd9a57bbb1afc97042c894c5a54ec05cf98a26baa4696bcac4c46b8d9e7fd,b88068930479633a2f6ee552b5be038ec1d943ac87ce68adc776f725481ed2ae,131,2,131,1,train
20190927165910Mh,train,2019-09-27 16:59:10,Mh,4a2a4707a11d781dd0ac85133a1a91ed74b9cad5d8746e1106c073c4ff1fdfd3,9d12d333f2287a1dc62913f4bb5f7b582890a15b190fb185343623461e5f52ca,131,1,131,1,train
20200105073250Uh,train,2020-01-05 07:32:50,Uh,7820b7104f57742f1203579e3b79bb48879b2ec7777687566527ca4bd8942de6,f68d0db68c2f7286c61d0617243efe239bd8ac3c9b0569a4a8dccef8dc67dcc9,135,1,135,2,train
20200110073230Lh,train,2020-01-10 07:32:30,Lh,3cd4c8a7373fa9e8af9bd6e3579c21be6330318bfb525f1289255eeed9d8a379,2fc1bcb091ff784181c7ed8cddded60e7730a13e60ff6d47c50060cbcbafcf74,135,3,135,2,train
20200114073230Lh,train,2020-01-14 07:32:30,Lh,4214ec28fe8dafd432f95bb26638f0e13851805bf69a2c5b7227f6280ce805e2,05ff434992392bc7c37ad5984abd5a67ab3d17e5dae20535246ba676267a150f,135,2,135,2,train
20200116073250Uh,train,2020-01-16 07:32:50,Uh,477937860072097311cc526deca8a1619f70f11abd8529aefa8bb3da6e28bd5f,0ceb56701c7ae7e62501497de9df0af390a0b80d964d5d99da8dbfc719695eee,135,1,135,2,train
20200619123010Th,train,2020-06-19 12:30:10,Th,c949fa18a89f7e231b837166d5d971edba497c067479f69e5c4b69dc93d6e9e3,4dc3e775625447498405fc9004a50591031c23c353dd5b1c4c0f313846587e25,141,1,141,4,train
20200806053830Lh,train,2020-08-06 05:38:30,Lh,38331ccfd28aa6bd67740c05c7c34f43769e7cdf54010117ed925726d0576b3e,c3fe182d17e625a3a93801b8d576aaf0dd99cf88268fc30f9579d9d945543863,143,1,143,3,train
20201022223330Lh,train,2020-10-22 22:33:30,Lh,9f36cc39e89a7310e92005004b8292ffe21881eec103d54d3ba35d0cf46f458a,b35980dcb95eb67922afc2ed23ed725ed3fb66ffc18bd0b51d9df0bca3300a1a,146,1,146,2,train
20201227202710Mh,train,2020-12-27 20:27:10,Mh,82f3a93e3640054a3a27f6f9a2d728204c7983ea27b366ec27c55328a5c36d12,025d19e4ddfbf433eef3c07bb87e0e0b60f5988a7bec133e66adf39842b67a10,148,3,148,2,train
20201228202430Ch,train,2020-12-28 20:24:30,Ch,f11eb2e6346cc578368efb599b06532ca43a8b01b5cae3e75daf8e732f356903,7193c7598a8a309a35deafa10ec290745015e5d325bbfffe8e7f74ebe9cd95e0,148,1,148,2,train
20210103223630Lh,train,2021-01-03 22:36:30,Lh,0956e4c36a962173778cde4f5587b0e97c3c37b554b657582b7a28d50372d5e8,0b81d22206d2c2a54af7f4f3e8b776ac557b1f99b1c12216ee19b77436754944,148,1,148,2,train
20210201020330Lh,train,2021-02-01 02:03:30,Lh,a99d53438de11c39aa400c9a55cdc8257a3b198499e6f0f668e9c20e0650270c,0b5a28b24b1f17429c7474a3122bc18dce682479ad4a3ebcff3857abd3f717ca,149,3,149,4,train
20210222222850Bh,train,2021-02-22 22:28:50,Bh,f5453002a929ee8a84948944a9545b640d0d3c6befaf1b96bc1847dda2e30f6f,0f0b52c684a1d9950390bf0df489828d2ee72d401c492e211588118b0c4b5576,150,2,150,4,train
20210223222830Ch,train,2021-02-23 22:28:30,Ch,c0594dfe327f9e171b1b8421d2ea03c0cb8641f49b808dd57f4a75d5d076ca93,1a10af8911783650fde6095987d78531272de44c53e7c55cc8ae3b7b71940ed4,150,3,150,4,train
20210329015250Uh,train,2021-03-29 01:52:50,Uh,7cb81abfd889586064ebceb478dad0e5ca79c43407aeceea6b5e5dd4fb321618,27e80a00d3c9b183399c2f12e3264bb776c38deb901adbc576a99d4d908cd4f2,152,1,152,0,train
20210329114430Ch,train,2021-03-29 11:44:30,Ch,2d2d841a958b1651302600c70d0e05b49608baca7bf75f3118a6e6f13912ccf7,2b0411b4de61712c64f7778fa456bcf0a98f212db1289f276658aadae0e4c1df,152,1,152,0,train
20210331231510Mh,train,2021-03-31 23:15:10,Mh,fda3180fa927e22e73be3e8bc8023b64d30457d5f58a107c13bc6e1c918501a7,2125feaabc84aa599c38a56c66d2af8906fd370683485302fd51772648fcfc6a,152,2,152,0,train
20210616142650Bh,train,2021-06-16 14:26:50,Bh,150dcbb591fb16e2315a7bbe3ca45fc928074197656b2861e8745be0f6bcdbd2,37a07ec8ad252d7754f7d0d72ab893dc6f1ce7b9423dbc9bfc71344c8f932782,154,2,154,0,train
20210620163530Mh,train,2021-06-20 16:35:30,Mh,46e56e691a88b16a3320a8a3187a530015eef695c28025398da8faf6eea642b8,e71f23fa7d1f593f754c460811138a0d7b29ac8319c5a97890f2c1f99fcc9380,155,1,155,3,train
20210621133650Bh,train,2021-06-21 13:36:50,Bh,3971fde6a97c29192fab72fb34f4c70038f7630ca1b1e065955a8215a2a5af01,c807e955e9e07256868c8c7fc46f9b0cba6913e6a059dbc3591bb2a98a0b0a6c,155,1,155,3,train
20210624133950Bh,train,2021-06-24 13:39:50,Bh,1c31845f19058fac2cabdb65aad3238f15276431685eff05b2ddadcbcaddfd12,456e540f1ae327ae0287018d88ced9fddda6b78c2a09b510a90b8c7ebcbcfb08,155,2,155,3,train
20210626060050Uh,train,2021-06-26 06:00:50,Uh,f034736e836fbe25393bf6e11b7e29316e4209fe7b57639a94f0a53455165b1a,5713ade1709bb9910655462407255600b653be6ba281578730b44330d3dea347,155,1,155,3,train
20210626133950Bh,train,2021-06-26 13:39:50,Bh,f80f0404654727c32b1ad96417de4431b775182dcfcea523bd017ea6e09b683d,3b29943bd82b79d7bd449b4e889bc489987964a1a39cbd6ebdfbf1ee43f366e3,155,2,155,3,train
20210721123430Ch,train,2021-07-21 12:34:30,Ch,26e43f46d60174ef7403c2f8d0c170aa98962e4c12d0bda38f5cb373fdb20053,3e14e7b2cb940c0ab914917a8d61dcb94686d95965857e441e1880e0f87cf92a,156,1,156,2,train
20210728164530Mh,train,2021-07-28 16:45:30,Mh,635e9c0eeece2c0e39bde363d4c070a0a6b12540929ec356f769ef870612e3cb,54d02acd067e01f6d5abf3610ea95bb2304e1cd1966d22595c4d2abaa46cb46b,156,1,156,2,train
20210731074710Th,train,2021-07-31 07:47:10,Th,ca67599790c8180fdb000d014673db2f6a1359f29426237d0c7ab4d7fdc2811b,0c22c2b7ee0a82203569a550f32e02f690f230b42061775669544674b391231f,156,1,156,2,train
20210810121630Ch,train,2021-08-10 12:16:30,Ch,b2a80c244acdf4b2e1c41f92b8ac2aaf6a752f0d1dd4c024ffcebe78f3b802b3,990e5984c4a96e925499e72fd4720f2f5189fd39b09d1ca3abd93786304e3805,157,1,157,0,train
20210812044930Lh,train,2021-08-12 04:49:30,Lh,a256f2ac32e21fd159824c3eea9ab9bb13d8b304c41d5e3fade802cd6458378f,84a4b838cb7f037cb050de1dcabd8d268a9dccb72e77278d58d221da3d957eab,157,1,157,0,train
20210814044930Lh,train,2021-08-14 04:49:30,Lh,92f2be78d1af45a95bef814680e17a3b054de4a72173cc0699cf13b31547915a,f8d19b22273a92cf537ecdc0ab95a2ab7fe912ae2899639c3a2d62b7996e3a26,157,1,157,0,train
20210815140550Bh,train,2021-08-15 14:05:50,Bh,fc0db6c22b09c4850514aec6a138544922ee25a28c23db6496351b9b84f1a531,db3669d670bff9f52d89b86385bacdfcf59b4e215a4a62454cc3d49fc9fcd553,157,1,157,0,train
20210817165030Mh,train,2021-08-17 16:50:30,Mh,8728dfcb84fb9c698c0071bf3fd856c1608c664d9e01222dead5edceb802c77a,45550382a475b62ecc500739b93098cda370d7eb5794dc13c4d9af9a48f051a5,157,3,157,0,train
20211016145050Bh,train,2021-10-16 14:50:50,Bh,4f985c85eb960e7067c32729baf13a071bf5e0816ed93c2aa844ab18b4e892a1,802cbd4e37405b0ad68e87f9042d13a397fbc50f9c0e340218b845dd626d3ca5,159,1,159,1,train
20211119103130Ch,train,2021-11-19 10:31:30,Ch,abed6fdc35f39a417f21a40e8d8398aa34a67a612e0ccc1e5fce25c97efcc74c,790749377bc3f42961ff11112b5e438e20e53ec7f12e6cb988fd83072135564f,160,1,160,2,train
20211222120130Ch,train,2021-12-22 12:01:30,Ch,11c72bb5e2a8bc97899a2b298f2e9d42c5a25e3548da0743cc3bf13452439691,85d47bd26d1f0495a67ae1e93627ac54f5b7556fb1e69785f545a383cfa20f6f,161,1,161,1,train
20211225025850Uh,train,2021-12-25 02:58:50,Uh,27c617f3b85dfd5a1dd2ea61f81a06ef9220198f7542f6b6a5a56a4fdbb428af,ee16c72d9fc8383452564387e1c783313b8ca0be7fbbec6e482c7f1f2cd01edb,162,3,162,4,train
20211229120130Ch,train,2021-12-29 12:01:30,Ch,218f6f8bdd7ebcc4b2c65448d24d66811088798ec8781785d01c30e4b3786fae,2e77c748e6159c53135b64b473b260311f0fb2b5d1cd9eb40e5e840b67f40a10,162,1,162,4,train
20211229120210Th,train,2021-12-29 12:02:10,Th,f9e75cae8d82541271a3875f684f425bbed3bf0cab7df12ccf64442cff504ab1,d670a5661dbaa55ddf28ca407b547936311c4380fb327ac78db23c60a950195c,162,1,162,4,train
20211231223430Lh,train,2021-12-31 22:34:30,Lh,5f9c8b0a0c7f6ad2c7f2426805afb33b30beeb15a9d7a3f44dabe4fb0226a4e8,7252de4cef968e48227789ffaae7c872c6ed700656735a58f20a98666e54e6d9,162,2,162,4,train
20220104043050Uh,train,2022-01-04 04:30:50,Uh,f3e98c0b37539482305038d14a969cc041abab4083d6d001e4a31fcd12fb9ee3,04436e3642039da1a35c88bcd2ffbc126e8d596d4fb1d0a79b0f00ff3ebf7b83,162,1,162,4,train
20220122085210Th,train,2022-01-22 08:52:10,Th,27e73f7fbf325a943be5b4d6445c686285f760051675deca1fda5e4d6b3d26de,c90a98a29d26c1aa187933b6b961faaa5e0bb875c005d4dfb0ab0c21cd2e6412,163,2,163,4,train
20220328143550Bh,train,2022-03-28 14:35:50,Bh,f5cf4a65b78ea5533ab0e2c09185d197d2ac6f4c118eab325cd076052de2782b,b56e6fbe7a4ac7e88956e6ebd4eb3f689cc6759cf0a6e04b6e22af22cb3d0937,165,3,165,3,train
20220418020950Uh,train,2022-04-18 02:09:50,Uh,2545809b56011761adea4f52ee84dec0c0b505ced80e501072f119bb86f3e8ec,9046c13f8859a041d0d7deb249f1e210afe719aacf4e2643dbf7450c81269fe6,166,1,166,4,train
20220617185352Mh,train,2022-06-17 18:53:52,Mh,0cddd1e1875f725daf5ed9978aac88ba6c1af32e391465dbca69e9cf50aed92d,7562c1ccae7d25a579f18aec6bfeff3e4a6f8c2f7694a3420a57ca526c719791,168,1,168,4,train
20220618185332Bh,train,2022-06-18 18:53:32,Bh,f5abf7069ecbe2577e478411cd8141d77c3a94bf541a88f53e64296060495cdd,26b82c268165956bde76fcffc1c48424621bbad8250816e24ef06da79208e2fe,168,1,168,4,train
20220622205632Bh,train,2022-06-22 20:56:32,Bh,7a283e4ee70ef99826a9bbfa35955c4b301b050404be8d55450e5e865bc312aa,2480bc09679856bbf606cebea76fd8f29412e2a69c2401f7c25c020ed131cca9,168,3,168,4,train
20220710085152Th,train,2022-07-10 08:51:52,Th,ef7b67ea781c754dcb9ca97b50bd9554ad9073b917742f2712cb420c913728e9,950677a5a9f353e42cb9340d6317ed0b305b52a15e0a539a9192520c9776ea02,169,1,169,0,train
20220718185352Mh,train,2022-07-18 18:53:52,Mh,d2339964b861b7ec7eaa6f27731bb2a791cc7689fc8930d826b21f1e5ae1ea8f,1a93c17898175c26e8762b8ef19071960099686eaf302c7d1d0fa6594d0bf6e4,169,1,169,0,train
20220721185332Bh,train,2022-07-21 18:53:32,Bh,b06a65cad0f60a206d2821a00e776ad5edfa4ce800d57f376a54a72900741766,c015ae7af5ddbdca0ab61ce3e8045cb48c850988b5031a079dd0ce6197a7a3f3,169,3,169,0,train
20220724185352Mh,train,2022-07-24 18:53:52,Mh,2467523b13d386868d7707c3f1ab4deb152f43cc62cad65874efe48e4b776772,5a92f44fbbb2ad169abc0d7aabca684a253ca081892b0564a6ff5117aa328b05,169,1,169,0,train
20220803074752Th,train,2022-08-03 07:47:52,Th,aedc5d9d657a40bdcd0741623c20eefe59593d86418bd6c9aea5fd4a8e97a5a6,9bc4cfcbec66da9639c155be4243caf809704041413215fd75168bae5cbac243,170,1,170,0,train
